hub_file,slug,title,highlight,values,flags,verified
numbers.csv,shiken-50mon,本試験の問題数・合格基準点,50問・基準点は年度別,50問 | 45問 | 38点以上 | 2時間,verify_official,OK
numbers.csv,juken-12000,受験手数料,"12,000円（税込）","12,000円 | 8〜9月頃 | 原則不可 | 6,600円等",verify_official,OK
numbers.csv,jikan-2jikan,試験時間2時間,約2時間,2時間 | 約2.4分/問 | 四肢択一 | 全国,verify_official,OK
numbers.csv,gomenjo-45mon,5問免除（45問受験）,45問・33点例（R7）,45問 | 33点以上 | 登録講習修了 | 50問,verify_official,OK
numbers.csv,toroku-6600,登録料の目安,"6,600円（税込）","6,600円 | 4,500円含む例 | 不可 | 20,000円等",verify_official,OK
numbers.csv,shikikin-jogen,敷金の上限（借地借家法）,賃料の2倍まで（目安）,2ヶ月分 | 敷金明細書 | 1ヶ月+利息 | 未払・原状回復,verify_official,OK
numbers.csv,koushinryo,更新料の上限,1ヶ月分以内（目安）,1ヶ月分 | 合意更新 | 正当事由必要 | 別,verify_official,OK
numbers.csv,tatekae,立退料の支払要件,正当事由・相当額,正当事由で更新拒絶 | 通常損耗等考慮 | 別制度 | 正誤頻出,concept_page,
numbers.csv,hoshoukin,保証金・家賃保証,性質で区分,返還性あり得る | 上限規制 | 債務保証 | 性質の正誤,concept_page,
numbers.csv,kanri-uketsuke-hoshu,管理報酬・受託,報酬体系は契約,管理受託契約 | 契約書交付 | 登録制 | 講習免除,concept_page,
numbers.csv,koushin-moushikomi-kikan,更新申入れの期間（建物賃貸借）,期間満了の1年前〜6ヶ月前（目安）,1年前〜6ヶ月前 | 更新請求権 | 申入れ | 期間の数値,verify_official,OK
numbers.csv,tanki-chintai-1nen,短期借家の期間,1年以下・更新なし,1年以下 | なし | 必要 | 1年,verify_official,OK
numbers.csv,shikikin-henkan-1kagetsu,敷金返還の期限,退去後1ヶ月+利息,1ヶ月以内 | 年3% | 未払・原状回復 | 敷金明細書,verify_official,OK
numbers.csv,shikaku-shutoku-koushu,資格取得講習の時間,要項で確認（例：20時間程度）,"20時間程度 | 20,000円例 | 登録講習 | 合格後",verify_official,OK-practice
numbers.csv,jimusho-gyomu-kanrisha,事業所と業務管理者,事業所ごとに1人以上,1人以上 | 賃管士登録等 | 専任性 | 事業所単位,verify_official,OK
numbers.csv,shakka-teikyo-zeikin,社宅提供と税金の目安,要項・税制で確認,貸主提供 | 使用収益 | 課税非課税 | 用語の正誤,concept_page,
numbers.csv,taiin-tachiai,退去立会いの目安,退去時・精算前,退去時 | 敷金控除 | 写真・書面 | ガイドライン,concept_page,
numbers.csv,hoken-hoshou-ryokin,保険・保証の費用目安,契約による,借主負担が多い | 保証料 | 説明義務 | 性質の区別,concept_page,
numbers.csv,shiken-moshikomi-kikan,試験申込期間の目安,例年8〜9月（要項確認）,"8月初旬〜9月下旬 | 12,000円 | 11月頃 | 翌年1月頃",verify_official,OK
numbers.csv,tokutei-chintai-kigen,特定賃貸借の説明期限,宅建類推・ガイドライン,契約前 | 交付義務 | 規制 | サブリース,concept_page,
numbers.csv,genjo-kaifuku-jiko-s32,原状回復請求の時効（手続確認）,原状回復請求の時効 — 数値・条件：基準値は試験要項・省令で確認 / 関連制度：原状回復,基準値は試験要項・省令で確認 | 原状回復 | 学習記録 | 過去問で型確認 | 原状回復請求の時効,concept_page,OK
numbers.csv,hoshoukin-san-kagetsu-s32,保証金返還の目安（手続確認）,保証金返還の目安 — 数値・条件：目安は試験要項・省令で確認 / 関連制度：保証金,目安は試験要項・省令で確認 | 保証金 | 学習記録 | 過去問で型確認 | 保証金返還の目安,concept_page,
numbers.csv,taiin-tsuchi-1month-s32,退去予告期間の目安（手続確認）,退去予告期間の目安 — 関連制度：借地借家法 / 記録・保存：学習記録,借地借家法 | 学習記録 | 過去問で型確認 | 退去予告期間の目安 | 目安は試験要項・省令で確認,concept_page,OK
numbers.csv,shikikin-meisai-30days-s32,敷金明細書の交付（手続確認）,敷金明細書の交付 — 確認テーマ：敷金明細書の交付 / 数値・条件：基準値は試験要項・省令で確認,敷金明細書の交付 | 基準値は試験要項・省令で確認 | 敷金 | 学習記録 | 過去問で型確認,concept_page,OK
numbers.csv,koushinryo-1getsu-s32,合意更新の更新料上限（手続確認）,合意更新の更新料上限 — 数値・条件：基準値は試験要項・省令で確認 / 関連制度：更新料,基準値は試験要項・省令で確認 | 更新料 | 学習記録 | 過去問で型確認 | 合意更新の更新料上限,concept_page,OK
numbers.csv,azukari-zenbu-betsu-s32,預り金の全額分別管理（手続確認）｜s32,預り金の全額分別管理 — 確認テーマ：預り金の全額分別管理 / 数値・条件：基準値は試験要項・省令で確認,預り金の全額分別管理 | 基準値は試験要項・省令で確認 | 分別管理義務 | 学習記録 | 過去問で型確認,concept_page,
numbers.csv,chintaikanrishi-50mon-s32,賃管士試験の問題数（手続確認）,賃管士試験の問題数 — 記録・保存：学習記録 / 試験の確認点：過去問で型確認,学習記録 | 過去問で型確認 | 賃管士試験の問題数 | 基準値は試験要項・省令で確認 | 賃貸不動産経営管理士,concept_page,OK
numbers.csv,baikai-chukai-3months-s32,専任媒介の有効期間（手続確認）,専任媒介の有効期間 — 関連制度：専任媒介契約 / 記録・保存：学習記録,専任媒介契約 | 学習記録 | 過去問で型確認 | 専任媒介の有効期間 | 基準値は試験要項・省令で確認,concept_page,OK
numbers.csv,ritchi-tatemono-s32,立退料の上限（手続確認）,立退料の上限 — 確認テーマ：立退料の上限 / 数値・条件：基準値は試験要項・省令で確認,立退料の上限 | 基準値は試験要項・省令で確認 | 立退料 | 学習記録 | 過去問で型確認,concept_page,OK
numbers.csv,gyomu-kanrisha-1jou-s32,業務管理者1事業所1人（手続確認）,業務管理者1事業所1人 — 確認テーマ：業務管理者1事業所1人 / 数値・条件：基準値は試験要項・省令で確認,業務管理者1事業所1人 | 基準値は試験要項・省令で確認 | 業務管理者 | 学習記録 | 過去問で型確認,verify_official,OK
numbers.csv,koushin-moushiire-kikan-s33,更新申入期間（数値確認）,更新申入期間 — 数値・条件：基準値は試験要項・省令で確認 / 関連制度：普通借家,基準値は試験要項・省令で確認 | 普通借家 | 学習記録 | 過去問で型確認 | 更新申入期間,concept_page,OK
numbers.csv,shikikin-jogen-2bai-s33,敷金上限2倍（数値確認）,敷金上限2倍 — 数値・条件：基準値は試験要項・省令で確認 / 関連制度：敷金,基準値は試験要項・省令で確認 | 敷金 | 学習記録 | 過去問で型確認 | 敷金上限2倍,verify_official,OK
numbers.csv,koushinryo-1getsu-s33,合意更新の更新料（数値確認）,合意更新の更新料 — 記録・保存：学習記録 / 試験の確認点：過去問で型確認,学習記録 | 過去問で型確認 | 合意更新の更新料 | 基準値は試験要項・省令で確認 | 更新料,concept_page,OK
numbers.csv,ritai-6getsu-s33,立退料6ヶ月上限（数値確認）,立退料6ヶ月上限 — 記録・保存：学習記録 / 試験の確認点：過去問で型確認,学習記録 | 過去問で型確認 | 立退料6ヶ月上限 | 基準値は試験要項・省令で確認 | 立退料,verify_official,OK
numbers.csv,taiin-yokoku-1getsu-s33,退去予告1ヶ月（数値確認）,退去予告1ヶ月 — 記録・保存：学習記録 / 試験の確認点：過去問で型確認,学習記録 | 過去問で型確認 | 退去予告1ヶ月 | 基準値は試験要項・省令で確認 | 借地借家法,verify_official,OK
numbers.csv,shikikin-henkan-1getsu-s33,敷金返還1ヶ月（数値確認）,敷金返還1ヶ月 — 関連制度：敷金 / 記録・保存：学習記録,敷金 | 学習記録 | 過去問で型確認 | 敷金返還1ヶ月 | 基準値は試験要項・省令で確認,verify_official,OK
numbers.csv,teiki-kikan-min-s33,定期借家の最短期間（数値確認）,定期借家の最短期間 — 数値・条件：基準値は試験要項・省令で確認 / 関連制度：定期借家,基準値は試験要項・省令で確認 | 定期借家 | 学習記録 | 過去問で型確認 | 定期借家の最短期間,concept_page,OK
numbers.csv,senren-baikai-3getsu-s33,専任媒介3ヶ月（数値確認）,専任媒介3ヶ月 — 確認テーマ：専任媒介3ヶ月 / 数値・条件：基準値は試験要項・省令で確認,専任媒介3ヶ月 | 基準値は試験要項・省令で確認 | 専任媒介契約 | 学習記録 | 過去問で型確認,verify_official,OK
numbers.csv,chintai-shiken-50mon-s33,賃管試験50問（数値確認）,賃管試験50問 — 記録・保存：学習記録 / 試験の確認点：過去問で型確認,学習記録 | 過去問で型確認 | 賃管試験50問 | 基準値は試験要項・省令で確認 | 賃貸不動産経営管理士,verify_official,OK
numbers.csv,hoken-tekiyo-kikan-s33,火災保険の適用期間（数値確認）,火災保険の適用期間 — 記録・保存：学習記録 / 試験の確認点：過去問で型確認,学習記録 | 過去問で型確認 | 火災保険の適用期間 | 基準値は試験要項・省令で確認 | 火災保険,concept_page,OK-practice
numbers.csv,koshin-kikan-5nen-s34,登録更新5年（頻出整理）,登録更新5年 — 数値・条件：基準値は試験要項・省令で確認 / 関連制度：登録の更新,基準値は試験要項・省令で確認 | 登録の更新 | 学習記録 | 過去問で型確認 | 登録更新5年,verify_official,OK
numbers.csv,kikan-teiki-1nen-s34,短期借家1年（頻出整理）,短期借家1年 — 数値・条件：基準値は試験要項・省令で確認 / 関連制度：定期借家,基準値は試験要項・省令で確認 | 定期借家 | 学習記録 | 過去問で型確認 | 短期借家1年,verify_official,OK
numbers.csv,hosho-tesuryo-s34,家賃保証手数料（頻出整理）,家賃保証手数料 — 記録・保存：学習記録 / 試験の確認点：過去問で型確認,学習記録 | 過去問で型確認 | 家賃保証手数料 | 基準値は試験要項・省令で確認 | 家賃債務保証,concept_page,
numbers.csv,azukari-betsu-s34,預り金全額分別（頻出整理）,預り金全額分別 — 記録・保存：学習記録 / 試験の確認点：過去問で型確認,学習記録 | 過去問で型確認 | 預り金全額分別 | 基準値は試験要項・省令で確認 | 分別管理義務,concept_page,
numbers.csv,genjo-jiko-5nen-s34,原状回復請求時効（頻出整理）,原状回復請求時効 — 確認テーマ：原状回復請求時効 / 数値・条件：基準値は試験要項・省令で確認,原状回復請求時効 | 基準値は試験要項・省令で確認 | 原状回復 | 学習記録 | 過去問で型確認,concept_page,OK
numbers.csv,chukai-hoshu-s34,媒介報酬の目安（頻出整理）,媒介報酬の目安 — 確認テーマ：媒介報酬の目安 / 数値・条件：目安は試験要項・省令で確認,媒介報酬の目安 | 目安は試験要項・省令で確認 | 媒介契約 | 学習記録 | 過去問で型確認,concept_page,OK
numbers.csv,tachiai-kigen-s34,退去立会いの期限（頻出整理）,退去立会いの期限 — 数値・条件：基準値は試験要項・省令で確認 / 関連制度：退去立会い,基準値は試験要項・省令で確認 | 退去立会い | 学習記録 | 過去問で型確認 | 退去立会いの期限,concept_page,OK
numbers.csv,it-jusetsu-jizen-s34,IT重説の事前書面（頻出整理）,IT重説の事前書面 — 数値・条件：基準値は試験要項・省令で確認 / 関連制度：IT重説,基準値は試験要項・省令で確認 | IT重説 | 学習記録 | 過去問で型確認 | IT重説の事前書面,concept_page,
numbers.csv,nyukyo-ritsu-s34,入居率の目安（頻出整理）,入居率の目安 — 関連制度：入居率 / 記録・保存：学習記録,入居率 | 学習記録 | 過去問で型確認 | 入居率の目安 | 目安は試験要項・省令で確認,concept_page,
numbers.csv,sublease-chintai-s34,サブリース賃料（頻出整理）,サブリース賃料 — 数値・条件：基準値は試験要項・省令で確認 / 関連制度：サブリース契約,基準値は試験要項・省令で確認 | サブリース契約 | 学習記録 | 過去問で型確認 | サブリース賃料,concept_page,
numbers.csv,nyukyosha-taiou-num-s35,入居者対応：法定義務と受託契約の整理（基礎整理）,法定24時間義務なし。修繕は借地借家法上貸主負担。期限は受託契約で定める。,なし | 貸主（オーナー） | 管理受託契約で定める | 速やかに手配 | 実務目安≠法定,,OK-practice
numbers.csv,shuuzen-hiyou-num-s35,修繕費用負担：通常損耗は貸主負担の数値（基礎整理）,修繕費用負担：通常損耗は貸主負担の数値 — 数値・条件：数値は試験要項・省令で確認 / 関連制度：原状回復,数値は試験要項・省令で確認 | 原状回復 | 定義確認のメモ | 主語→目的→対象 | 修繕費用負担：通常損耗は貸主負担の数値,concept_page,
numbers.csv,chintai-kaitei-num-s35,賃料改定と更新料の数値整理（基礎整理）,賃料改定＝32条協議（正当事由）／更新料上限＝合意更新で1ヶ月以内。,借地借家法32条の協議 | 1ヶ月分以内 | 賃料改定≠更新料 | 増税・近傍類似賃料等 | 1ヶ月を賃料改定に当てはめない,verify_official,OK-practice
numbers.csv,kanri-houkoku-num-s35,管理業務報告：頻度と契約（基礎整理）,委託者への業務報告は賃管法・受託契約に従う。頻度は契約で定める。,賃貸住宅管理業法・受託契約 | 契約で定める | 収支・修繕・空室等 | 適正化法の管理報告は別 | 頻度の固定暗記を避ける,concept_page,OK-practice
numbers.csv,juyo-jusetsu-num-s35,重要事項説明：説明前に書面交付の数値（基礎整理）,重要事項説明：説明前に書面交付の数値 — 数値・条件：数値は試験要項・省令で確認 / 関連制度：IT重説,数値は試験要項・省令で確認 | IT重説 | 定義確認のメモ | 主語→目的→対象 | 重要事項説明：説明前に書面交付の数値,concept_page,
numbers.csv,sublease-unyou-num-s35,サブリース運用：空室リスク配分の数値（基礎整理）,サブリース運用：空室リスク配分の数値 — 確認テーマ：サブリース運用：空室リスク配分の数値 / 数値・条件：数値は試験要項・省令で確認,サブリース運用：空室リスク配分の数値 | 数値は試験要項・省令で確認 | サブリース契約 | 定義確認のメモ | 主語→目的→対象,concept_page,
numbers.csv,kasai-jishin-num-s35,火災・地震：契約者・受益者は契約次第の数値（基礎整理）,火災・地震：契約者・受益者は契約次第の数値 — 記録・保存：定義確認のメモ / 試験の確認点：主語→目的→対象,定義確認のメモ | 主語→目的→対象 | 火災・地震：契約者・受益者は契約次第の数値 | 数値は試験要項・省令で確認 | 火災保険,concept_page,
numbers.csv,keiyaku-shomen-num-s35,管理受託契約書面・重要事項説明（基礎整理）,賃管は管理受託契約書面・重要事項説明。宅建35・37条書面とは別。,書面で締結 | 説明前に書面交付 | 媒介契約が対象 | 契約締結前後 | 法令の取り違え,,OK
numbers.csv,azukari-kanri-num-s35,預り金管理：預かった額の全額を分別の数値（基礎整理）,預り金管理：預かった額の全額を分別の数値 — 確認テーマ：預り金管理：預かった額の全額を分別の数値 / 数値・条件：数値は試験要項・省令で確認,預り金管理：預かった額の全額を分別の数値 | 数値は試験要項・省令で確認 | 分別管理義務 | 定義確認のメモ | 主語→目的→対象,concept_page,
numbers.csv,shiken-hanrei-num-s35,試験頻出判例：判例・ガイドライン併読の数値（基礎整理）,試験頻出判例：判例・ガイドライン併読の数値 — 関連制度：借地借家法 / 記録・保存：定義確認のメモ,借地借家法 | 定義確認のメモ | 主語→目的→対象 | 試験頻出判例：判例・ガイドライン併読の数値 | 数値は試験要項・省令で確認,concept_page,
numbers.csv,nyukyosha-taiou-num-s36,入居者対応：法定義務と受託契約の整理（実務連動）,法定24時間義務なし。修繕は借地借家法上貸主負担。期限は受託契約で定める。,なし | 貸主（オーナー） | 管理受託契約で定める | 速やかに手配 | 実務目安≠法定,,OK-practice
numbers.csv,shuuzen-hiyou-num-s36,修繕費用負担：通常損耗は貸主負担の数値（実務連動）,修繕費用負担：通常損耗は貸主負担の数値 — 確認テーマ：修繕費用負担：通常損耗は貸主負担の数値 / 数値・条件：数値は試験要項・省令で確認,修繕費用負担：通常損耗は貸主負担の数値 | 数値は試験要項・省令で確認 | 原状回復 | 運転日誌・報告書 | 誰が・いつ・何を,concept_page;maybe_missing_digit,
numbers.csv,chintai-kaitei-num-s36,賃料改定と更新料の数値整理（実務連動）,賃料改定＝32条協議（正当事由）／更新料上限＝合意更新で1ヶ月以内。,借地借家法32条の協議 | 1ヶ月分以内 | 賃料改定≠更新料 | 増税・近傍類似賃料等 | 1ヶ月を賃料改定に当てはめない,verify_official,OK-practice
numbers.csv,kanri-houkoku-num-s36,管理業務報告：頻度と契約（実務連動）,委託者への業務報告は賃管法・受託契約に従う。頻度は契約で定める。,賃貸住宅管理業法・受託契約 | 契約で定める | 収支・修繕・空室等 | 適正化法の管理報告は別 | 頻度の固定暗記を避ける,concept_page,OK-practice
numbers.csv,juyo-jusetsu-num-s36,重要事項説明：説明前に書面交付の数値（実務連動）,重要事項説明：説明前に書面交付の数値 — 関連制度：IT重説 / 記録・保存：運転日誌・報告書,IT重説 | 運転日誌・報告書 | 誰が・いつ・何を | 重要事項説明：説明前に書面交付の数値 | 数値は試験要項・省令で確認,concept_page;maybe_missing_digit,
numbers.csv,sublease-unyou-num-s36,サブリース運用：空室リスク配分の数値（実務連動）,サブリース運用：空室リスク配分の数値 — 関連制度：サブリース契約 / 記録・保存：運転日誌・報告書,サブリース契約 | 運転日誌・報告書 | 誰が・いつ・何を | サブリース運用：空室リスク配分の数値 | 数値は試験要項・省令で確認,concept_page;maybe_missing_digit,
numbers.csv,kasai-jishin-num-s36,火災・地震：契約者・受益者は契約次第の数値（実務連動）,火災・地震：契約者・受益者は契約次第の数値 — 数値・条件：数値は試験要項・省令で確認 / 関連制度：火災保険,数値は試験要項・省令で確認 | 火災保険 | 運転日誌・報告書 | 誰が・いつ・何を | 火災・地震：契約者・受益者は契約次第の数値,concept_page;maybe_missing_digit,
numbers.csv,keiyaku-shomen-num-s36,管理受託契約書面・重要事項説明（実務連動）,賃管は管理受託契約書面・重要事項説明。宅建35・37条書面とは別。,書面で締結 | 説明前に書面交付 | 媒介契約が対象 | 契約締結前後 | 法令の取り違え,,OK
numbers.csv,azukari-kanri-num-s36,預り金管理：預かった額の全額を分別の数値（実務連動）,預り金管理：預かった額の全額を分別の数値 — 数値・条件：数値は試験要項・省令で確認 / 関連制度：分別管理義務,数値は試験要項・省令で確認 | 分別管理義務 | 運転日誌・報告書 | 誰が・いつ・何を | 預り金管理：預かった額の全額を分別の数値,concept_page;maybe_missing_digit,
numbers.csv,shiken-hanrei-num-s36,試験頻出判例：判例・ガイドライン併読の数値（実務連動）,試験頻出判例：判例・ガイドライン併読の数値 — 数値・条件：数値は試験要項・省令で確認 / 関連制度：借地借家法,数値は試験要項・省令で確認 | 借地借家法 | 運転日誌・報告書 | 誰が・いつ・何を | 試験頻出判例：判例・ガイドライン併読の数値,concept_page;maybe_missing_digit,
numbers.csv,nyukyosha-taiou-num-s37,入居者対応：法定義務と受託契約の整理（試験頻出）,法定24時間義務なし。修繕は借地借家法上貸主負担。期限は受託契約で定める。,なし | 貸主（オーナー） | 管理受託契約で定める | 速やかに手配 | 実務目安≠法定,,OK-practice
numbers.csv,shuuzen-hiyou-num-s37,修繕費用負担：通常損耗は貸主負担の数値（試験頻出）,修繕費用負担：通常損耗は貸主負担の数値 — 確認テーマ：修繕費用負担：通常損耗は貸主負担の数値 / 数値・条件：数値は試験要項・省令で確認,修繕費用負担：通常損耗は貸主負担の数値 | 数値は試験要項・省令で確認 | 原状回復 | 過去問の条件メモ | 逆転肢の型分類,concept_page,
numbers.csv,chintai-kaitei-num-s37,賃料改定と更新料の数値整理（試験頻出）,賃料改定＝32条協議（正当事由）／更新料上限＝合意更新で1ヶ月以内。,借地借家法32条の協議 | 1ヶ月分以内 | 賃料改定≠更新料 | 増税・近傍類似賃料等 | 1ヶ月を賃料改定に当てはめない,verify_official,OK-practice
numbers.csv,kanri-houkoku-num-s37,管理業務報告：頻度と契約（試験頻出）,委託者への業務報告は賃管法・受託契約に従う。頻度は契約で定める。,賃貸住宅管理業法・受託契約 | 契約で定める | 収支・修繕・空室等 | 適正化法の管理報告は別 | 頻度の固定暗記を避ける,concept_page,OK-practice
numbers.csv,juyo-jusetsu-num-s37,重要事項説明：説明前に書面交付の数値（試験頻出）,重要事項説明：説明前に書面交付の数値 — 数値・条件：数値は試験要項・省令で確認 / 関連制度：IT重説,数値は試験要項・省令で確認 | IT重説 | 過去問の条件メモ | 逆転肢の型分類 | 重要事項説明：説明前に書面交付の数値,concept_page,
numbers.csv,sublease-unyou-num-s37,サブリース運用：空室リスク配分の数値（試験頻出）,サブリース運用：空室リスク配分の数値 — 数値・条件：数値は試験要項・省令で確認 / 関連制度：サブリース契約,数値は試験要項・省令で確認 | サブリース契約 | 過去問の条件メモ | 逆転肢の型分類 | サブリース運用：空室リスク配分の数値,concept_page,
numbers.csv,kasai-jishin-num-s37,火災・地震：契約者・受益者は契約次第の数値（試験頻出）,火災・地震：契約者・受益者は契約次第の数値 — 関連制度：火災保険 / 記録・保存：過去問の条件メモ,火災保険 | 過去問の条件メモ | 逆転肢の型分類 | 火災・地震：契約者・受益者は契約次第の数値 | 数値は試験要項・省令で確認,concept_page,
numbers.csv,keiyaku-shomen-num-s37,管理受託契約書面・重要事項説明（試験頻出）,賃管は管理受託契約書面・重要事項説明。宅建35・37条書面とは別。,書面で締結 | 説明前に書面交付 | 媒介契約が対象 | 契約締結前後 | 法令の取り違え,,OK
numbers.csv,azukari-kanri-num-s37,預り金管理：預かった額の全額を分別の数値（試験頻出）,預り金管理：預かった額の全額を分別の数値 — 記録・保存：過去問の条件メモ / 試験の確認点：逆転肢の型分類,過去問の条件メモ | 逆転肢の型分類 | 預り金管理：預かった額の全額を分別の数値 | 数値は試験要項・省令で確認 | 分別管理義務,concept_page,
numbers.csv,shiken-hanrei-num-s37,試験頻出判例：判例・ガイドライン併読の数値（試験頻出）,試験頻出判例：判例・ガイドライン併読の数値 — 確認テーマ：試験頻出判例：判例・ガイドライン併読の数値 / 数値・条件：数値は試験要項・省令で確認,試験頻出判例：判例・ガイドライン併読の数値 | 数値は試験要項・省令で確認 | 借地借家法 | 過去問の条件メモ | 逆転肢の型分類,concept_page,
numbers.csv,nyukyosha-taiou-num-s38,入居者対応：法定義務と受託契約の整理（判例・ガイド）,法定24時間義務なし。修繕は借地借家法上貸主負担。期限は受託契約で定める。,なし | 貸主（オーナー） | 管理受託契約で定める | 速やかに手配 | 実務目安≠法定,,OK-practice
numbers.csv,shuuzen-hiyou-num-s38,修繕費用負担：通常損耗は貸主負担の数値（判例・ガイド）,修繕費用負担：通常損耗は貸主負担の数値 — 記録・保存：条文×通知の対応表 / 試験の確認点：優先関係の整理,条文×通知の対応表 | 優先関係の整理 | 修繕費用負担：通常損耗は貸主負担の数値 | 数値は試験要項・省令で確認 | 原状回復,concept_page,
numbers.csv,chintai-kaitei-num-s38,賃料改定と更新料の数値整理（判例・ガイド）,賃料改定＝32条協議（正当事由）／更新料上限＝合意更新で1ヶ月以内。,借地借家法32条の協議 | 1ヶ月分以内 | 賃料改定≠更新料 | 増税・近傍類似賃料等 | 1ヶ月を賃料改定に当てはめない,verify_official,OK-practice
numbers.csv,kanri-houkoku-num-s38,管理業務報告：頻度と契約（判例・ガイド）,委託者への業務報告は賃管法・受託契約に従う。頻度は契約で定める。,賃貸住宅管理業法・受託契約 | 契約で定める | 収支・修繕・空室等 | 適正化法の管理報告は別 | 頻度の固定暗記を避ける,concept_page,OK-practice
numbers.csv,juyo-jusetsu-num-s38,重要事項説明：説明前に書面交付の数値（判例・ガイド）,重要事項説明：説明前に書面交付の数値 — 数値・条件：数値は試験要項・省令で確認 / 関連制度：IT重説,数値は試験要項・省令で確認 | IT重説 | 条文×通知の対応表 | 優先関係の整理 | 重要事項説明：説明前に書面交付の数値,concept_page,
numbers.csv,sublease-unyou-num-s38,サブリース運用：空室リスク配分の数値（判例・ガイド）,サブリース運用：空室リスク配分の数値 — 記録・保存：条文×通知の対応表 / 試験の確認点：優先関係の整理,条文×通知の対応表 | 優先関係の整理 | サブリース運用：空室リスク配分の数値 | 数値は試験要項・省令で確認 | サブリース契約,concept_page,
numbers.csv,kasai-jishin-num-s38,火災・地震：契約者・受益者は契約次第の数値（判例・ガイド）,火災・地震：契約者・受益者は契約次第の数値 — 確認テーマ：火災・地震：契約者・受益者は契約次第の数値 / 数値・条件：数値は試験要項・省令で確認,火災・地震：契約者・受益者は契約次第の数値 | 数値は試験要項・省令で確認 | 火災保険 | 条文×通知の対応表 | 優先関係の整理,concept_page,
numbers.csv,keiyaku-shomen-num-s38,管理受託契約書面・重要事項説明（判例・ガイド）,賃管は管理受託契約書面・重要事項説明。宅建35・37条書面とは別。,書面で締結 | 説明前に書面交付 | 媒介契約が対象 | 契約締結前後 | 法令の取り違え,,OK
numbers.csv,azukari-kanri-num-s38,預り金管理：預かった額の全額を分別の数値（判例・ガイド）,預り金管理：預かった額の全額を分別の数値 — 関連制度：分別管理義務 / 記録・保存：条文×通知の対応表,分別管理義務 | 条文×通知の対応表 | 優先関係の整理 | 預り金管理：預かった額の全額を分別の数値 | 数値は試験要項・省令で確認,concept_page,
numbers.csv,shiken-hanrei-num-s38,試験頻出判例：判例・ガイドライン併読の数値（判例・ガイド）,試験頻出判例：判例・ガイドライン併読の数値 — 数値・条件：数値は試験要項・省令で確認 / 関連制度：借地借家法,数値は試験要項・省令で確認 | 借地借家法 | 条文×通知の対応表 | 優先関係の整理 | 試験頻出判例：判例・ガイドライン併読の数値,concept_page,
numbers.csv,nyukyosha-taiou-num-s39,入居者対応：法定義務と受託契約の整理（横断総合）,法定24時間義務なし。修繕は借地借家法上貸主負担。期限は受託契約で定める。,なし | 貸主（オーナー） | 管理受託契約で定める | 速やかに手配 | 実務目安≠法定,,OK-practice
numbers.csv,shuuzen-hiyou-num-s39,修繕費用負担：通常損耗は貸主負担の数値（横断総合）,修繕費用負担：通常損耗は貸主負担の数値 — 記録・保存：弱点タグ付きノート / 試験の確認点：同型誤答の再演習,弱点タグ付きノート | 同型誤答の再演習 | 修繕費用負担：通常損耗は貸主負担の数値 | 数値は試験要項・省令で確認 | 原状回復,concept_page;maybe_missing_digit,
numbers.csv,chintai-kaitei-num-s39,賃料改定と更新料の数値整理（横断総合）,賃料改定＝32条協議（正当事由）／更新料上限＝合意更新で1ヶ月以内。,借地借家法32条の協議 | 1ヶ月分以内 | 賃料改定≠更新料 | 増税・近傍類似賃料等 | 1ヶ月を賃料改定に当てはめない,verify_official,OK-practice
numbers.csv,kanri-houkoku-num-s39,管理業務報告：頻度と契約（横断総合）,委託者への業務報告は賃管法・受託契約に従う。頻度は契約で定める。,賃貸住宅管理業法・受託契約 | 契約で定める | 収支・修繕・空室等 | 適正化法の管理報告は別 | 頻度の固定暗記を避ける,concept_page,OK-practice
numbers.csv,juyo-jusetsu-num-s39,重要事項説明：説明前に書面交付の数値（横断総合）,重要事項説明：説明前に書面交付の数値 — 記録・保存：弱点タグ付きノート / 試験の確認点：同型誤答の再演習,弱点タグ付きノート | 同型誤答の再演習 | 重要事項説明：説明前に書面交付の数値 | 数値は試験要項・省令で確認 | IT重説,concept_page;maybe_missing_digit,
numbers.csv,sublease-unyou-num-s39,サブリース運用：空室リスク配分の数値（横断総合）,サブリース運用：空室リスク配分の数値 — 記録・保存：弱点タグ付きノート / 試験の確認点：同型誤答の再演習,弱点タグ付きノート | 同型誤答の再演習 | サブリース運用：空室リスク配分の数値 | 数値は試験要項・省令で確認 | サブリース契約,concept_page;maybe_missing_digit,
numbers.csv,kasai-jishin-num-s39,火災・地震：契約者・受益者は契約次第の数値（横断総合）,火災・地震：契約者・受益者は契約次第の数値 — 数値・条件：数値は試験要項・省令で確認 / 関連制度：火災保険,数値は試験要項・省令で確認 | 火災保険 | 弱点タグ付きノート | 同型誤答の再演習 | 火災・地震：契約者・受益者は契約次第の数値,concept_page;maybe_missing_digit,
numbers.csv,keiyaku-shomen-num-s39,管理受託契約書面・重要事項説明（横断総合）,賃管は管理受託契約書面・重要事項説明。宅建35・37条書面とは別。,書面で締結 | 説明前に書面交付 | 媒介契約が対象 | 契約締結前後 | 法令の取り違え,,OK
numbers.csv,azukari-kanri-num-s39,預り金管理：預かった額の全額を分別の数値（横断総合）,預り金管理：預かった額の全額を分別の数値 — 関連制度：分別管理義務 / 記録・保存：弱点タグ付きノート,分別管理義務 | 弱点タグ付きノート | 同型誤答の再演習 | 預り金管理：預かった額の全額を分別の数値 | 数値は試験要項・省令で確認,concept_page;maybe_missing_digit,
numbers.csv,shiken-hanrei-num-s39,試験頻出判例：判例・ガイドライン併読の数値（横断総合）,試験頻出判例：判例・ガイドライン併読の数値 — 数値・条件：数値は試験要項・省令で確認 / 関連制度：借地借家法,数値は試験要項・省令で確認 | 借地借家法 | 弱点タグ付きノート | 同型誤答の再演習 | 試験頻出判例：判例・ガイドライン併読の数値,concept_page;maybe_missing_digit,
numbers.csv,nyukyo-trouble-num-s40,入居トラブル：初動対応と修繕義務（深化整理）｜s40,法定24時間初動なし。緊急修繕は借地借家法・受託契約で整理。,なし | 貸主（オーナー） | 管理受託契約で定める | 速やかに手配 | 実務目安≠法定,,OK-practice
numbers.csv,genjou-kaifuku-num-s40,原状回復協議：協議・書面化の数値（深化整理）｜s40,原状回復協議：協議・書面化の数値 — 記録・保存：学習記録 / 試験の確認点：過去問で型確認,学習記録 | 過去問で型確認 | 原状回復協議：協議・書面化の数値 | 数値は試験要項・省令で確認 | 原状回復,concept_page,
numbers.csv,yachin-taino-num-s40,家賃滞納：催告・契約解除の数値（深化整理）｜s40,家賃滞納：催告・契約解除の数値 — 関連制度：滞納督促 / 記録・保存：学習記録,滞納督促 | 学習記録 | 過去問で型確認 | 家賃滞納：催告・契約解除の数値 | 数値は試験要項・省令で確認,concept_page,
numbers.csv,kanri-houkoku-sho-num-s40,管理報告書：頻度と契約（深化整理）,管理報告書の作成・提出頻度は受託契約・約款で定める（法定一律なし）。,賃貸住宅管理業法・受託契約 | 契約で定める | 収支・修繕・空室等 | 適正化法の管理報告は別 | 頻度の固定暗記を避ける,concept_page,OK-practice
numbers.csv,it-jusetsu-unyou-num-s40,IT重説運用：事前書面交付の数値（深化整理）｜s40,IT重説運用：事前書面交付の数値 — 確認テーマ：IT重説運用：事前書面交付の数値 / 数値・条件：数値は試験要項・省令で確認,IT重説運用：事前書面交付の数値 | 数値は試験要項・省令で確認 | IT重説 | 学習記録 | 過去問で型確認,concept_page,
numbers.csv,sublease-koushin-num-s40,サブリース更新：更新協議・書面の数値（深化整理）｜s40,サブリース更新：更新協議・書面の数値 — 数値・条件：数値は試験要項・省令で確認 / 関連制度：特定賃貸借契約,数値は試験要項・省令で確認 | 特定賃貸借契約 | 学習記録 | 過去問で型確認 | サブリース更新：更新協議・書面の数値,concept_page,
numbers.csv,kasai-taiou-num-s40,火災対応：初動・連絡体制の数値（深化整理）｜s40,火災対応：初動・連絡体制の数値 — 記録・保存：学習記録 / 試験の確認点：過去問で型確認,学習記録 | 過去問で型確認 | 火災対応：初動・連絡体制の数値 | 数値は試験要項・省令で確認 | 火災保険,concept_page,
numbers.csv,keiyaku-koushin-num-s40,契約更新：更新料と法定更新（深化整理）,合意更新の更新料上限1ヶ月／法定更新は拒絶1〜6か月前。賃料改定と混同しない。,1ヶ月分以内 | 更新拒絶1〜6か月前 | 双方の合意 | 32条協議≠38条更新 | 更新料を賃料改定に混同しない,verify_official,OK-practice
numbers.csv,azukari-seisan-num-s40,預り金精算：明細書交付の数値（深化整理）,預り金精算：明細書交付の数値 — 記録・保存：学習記録 / 試験の確認点：過去問で型確認,学習記録 | 過去問で型確認 | 預り金精算：明細書交付の数値 | 数値は試験要項・省令で確認 | 敷金,concept_page,
numbers.csv,hanrei-seiri-num-s40,判例整理：判例・ガイドライン併読の数値（深化整理）｜s40,判例整理：判例・ガイドライン併読の数値 — 数値・条件：数値は試験要項・省令で確認 / 関連制度：特定賃貸借契約,数値は試験要項・省令で確認 | 特定賃貸借契約 | 学習記録 | 過去問で型確認 | 判例整理：判例・ガイドライン併読の数値,concept_page,
numbers.csv,nyukyo-trouble-num-s41,入居トラブル：初動対応と修繕義務（現場応用）,法定24時間初動なし。緊急修繕は借地借家法・受託契約で整理。,なし | 貸主（オーナー） | 管理受託契約で定める | 速やかに手配 | 実務目安≠法定,,OK-practice
numbers.csv,genjou-kaifuku-num-s41,原状回復協議：協議・書面化の数値（現場応用）,原状回復協議：協議・書面化の数値 — 数値・条件：数値は試験要項・省令で確認 / 関連制度：原状回復,数値は試験要項・省令で確認 | 原状回復 | 学習記録 | 過去問で型確認 | 原状回復協議：協議・書面化の数値,concept_page,
numbers.csv,yachin-taino-num-s41,家賃滞納：催告・契約解除の数値（現場応用）,家賃滞納：催告・契約解除の数値 — 数値・条件：数値は試験要項・省令で確認 / 関連制度：滞納督促,数値は試験要項・省令で確認 | 滞納督促 | 学習記録 | 過去問で型確認 | 家賃滞納：催告・契約解除の数値,concept_page,
numbers.csv,kanri-houkoku-sho-num-s41,管理報告書：頻度と契約（現場応用）,管理報告書の作成・提出頻度は受託契約・約款で定める（法定一律なし）。,賃貸住宅管理業法・受託契約 | 契約で定める | 収支・修繕・空室等 | 適正化法の管理報告は別 | 頻度の固定暗記を避ける,concept_page,OK-practice
numbers.csv,it-jusetsu-unyou-num-s41,IT重説運用：事前書面交付の数値（現場応用）,IT重説運用：事前書面交付の数値 — 記録・保存：学習記録 / 試験の確認点：過去問で型確認,学習記録 | 過去問で型確認 | IT重説運用：事前書面交付の数値 | 数値は試験要項・省令で確認 | IT重説,concept_page,
numbers.csv,sublease-koushin-num-s41,サブリース更新：更新協議・書面の数値（現場応用）,サブリース更新：更新協議・書面の数値 — 確認テーマ：サブリース更新：更新協議・書面の数値 / 数値・条件：数値は試験要項・省令で確認,サブリース更新：更新協議・書面の数値 | 数値は試験要項・省令で確認 | 特定賃貸借契約 | 学習記録 | 過去問で型確認,concept_page,
numbers.csv,kasai-taiou-num-s41,火災対応：初動・連絡体制の数値（現場応用）,火災対応：初動・連絡体制の数値 — 記録・保存：学習記録 / 試験の確認点：過去問で型確認,学習記録 | 過去問で型確認 | 火災対応：初動・連絡体制の数値 | 数値は試験要項・省令で確認 | 火災保険,concept_page,
numbers.csv,keiyaku-koushin-num-s41,契約更新：更新料と法定更新（現場応用）,合意更新の更新料上限1ヶ月／法定更新は拒絶1〜6か月前。賃料改定と混同しない。,1ヶ月分以内 | 更新拒絶1〜6か月前 | 双方の合意 | 32条協議≠38条更新 | 更新料を賃料改定に混同しない,verify_official,OK-practice
numbers.csv,azukari-seisan-num-s41,預り金精算：明細書交付の数値（現場応用）,預り金精算：明細書交付の数値 — 数値・条件：数値は試験要項・省令で確認 / 関連制度：敷金,数値は試験要項・省令で確認 | 敷金 | 学習記録 | 過去問で型確認 | 預り金精算：明細書交付の数値,concept_page,
numbers.csv,hanrei-seiri-num-s41,判例整理：判例・ガイドライン併読の数値（現場応用）,判例整理：判例・ガイドライン併読の数値 — 確認テーマ：判例整理：判例・ガイドライン併読の数値 / 数値・条件：数値は試験要項・省令で確認,判例整理：判例・ガイドライン併読の数値 | 数値は試験要項・省令で確認 | 特定賃貸借契約 | 学習記録 | 過去問で型確認,concept_page,
numbers.csv,nyukyo-trouble-num-s42,入居トラブル：初動対応と修繕義務（頻出再整理）｜s42,法定24時間初動なし。緊急修繕は借地借家法・受託契約で整理。,なし | 貸主（オーナー） | 管理受託契約で定める | 速やかに手配 | 実務目安≠法定,,OK-practice
numbers.csv,genjou-kaifuku-num-s42,原状回復協議：協議・書面化の数値（頻出再整理）｜s42,原状回復協議：協議・書面化の数値 — 関連制度：原状回復 / 記録・保存：学習記録,原状回復 | 学習記録 | 過去問で型確認 | 原状回復協議：協議・書面化の数値 | 数値は試験要項・省令で確認,concept_page,
numbers.csv,yachin-taino-num-s42,家賃滞納：催告・契約解除の数値（頻出再整理）｜s42,家賃滞納：催告・契約解除の数値 — 記録・保存：学習記録 / 試験の確認点：過去問で型確認,学習記録 | 過去問で型確認 | 家賃滞納：催告・契約解除の数値 | 数値は試験要項・省令で確認 | 滞納督促,concept_page,
numbers.csv,kanri-houkoku-sho-num-s42,管理報告書：頻度と契約（頻出再整理）,管理報告書の作成・提出頻度は受託契約・約款で定める（法定一律なし）。,賃貸住宅管理業法・受託契約 | 契約で定める | 収支・修繕・空室等 | 適正化法の管理報告は別 | 頻度の固定暗記を避ける,concept_page,OK-practice
numbers.csv,it-jusetsu-unyou-num-s42,IT重説運用：事前書面交付の数値（頻出再整理）｜s42,IT重説運用：事前書面交付の数値 — 数値・条件：数値は試験要項・省令で確認 / 関連制度：IT重説,数値は試験要項・省令で確認 | IT重説 | 学習記録 | 過去問で型確認 | IT重説運用：事前書面交付の数値,concept_page,
numbers.csv,sublease-koushin-num-s42,サブリース更新：更新協議・書面の数値（頻出再整理）｜s42,サブリース更新：更新協議・書面の数値 — 関連制度：特定賃貸借契約 / 記録・保存：学習記録,特定賃貸借契約 | 学習記録 | 過去問で型確認 | サブリース更新：更新協議・書面の数値 | 数値は試験要項・省令で確認,concept_page,
numbers.csv,kasai-taiou-num-s42,火災対応：初動・連絡体制の数値（頻出再整理）｜s42,火災対応：初動・連絡体制の数値 — 数値・条件：数値は試験要項・省令で確認 / 関連制度：火災保険,数値は試験要項・省令で確認 | 火災保険 | 学習記録 | 過去問で型確認 | 火災対応：初動・連絡体制の数値,concept_page,
numbers.csv,keiyaku-koushin-num-s42,契約更新：更新料と法定更新（頻出再整理）,合意更新の更新料上限1ヶ月／法定更新は拒絶1〜6か月前。賃料改定と混同しない。,1ヶ月分以内 | 更新拒絶1〜6か月前 | 双方の合意 | 32条協議≠38条更新 | 更新料を賃料改定に混同しない,verify_official,OK-practice
numbers.csv,azukari-seisan-num-s42,預り金精算：明細書交付の数値（頻出再整理）,預り金精算：明細書交付の数値 — 確認テーマ：預り金精算：明細書交付の数値 / 数値・条件：数値は試験要項・省令で確認,預り金精算：明細書交付の数値 | 数値は試験要項・省令で確認 | 敷金 | 学習記録 | 過去問で型確認,concept_page,
numbers.csv,hanrei-seiri-num-s42,判例整理：判例・ガイドライン併読の数値（頻出再整理）｜s42,判例整理：判例・ガイドライン併読の数値 — 確認テーマ：判例整理：判例・ガイドライン併読の数値 / 数値・条件：数値は試験要項・省令で確認,判例整理：判例・ガイドライン併読の数値 | 数値は試験要項・省令で確認 | 特定賃貸借契約 | 学習記録 | 過去問で型確認,concept_page,
numbers.csv,nyukyo-trouble-num-s43,入居トラブル：初動対応と修繕義務（ガイド更新）,法定24時間初動なし。緊急修繕は借地借家法・受託契約で整理。,なし | 貸主（オーナー） | 管理受託契約で定める | 速やかに手配 | 実務目安≠法定,,OK-practice
numbers.csv,genjou-kaifuku-num-s43,原状回復協議：協議・書面化の数値（ガイド更新）,原状回復協議：協議・書面化の数値 — 確認テーマ：原状回復協議：協議・書面化の数値 / 数値・条件：数値は試験要項・省令で確認,原状回復協議：協議・書面化の数値 | 数値は試験要項・省令で確認 | 原状回復 | 学習記録 | 過去問で型確認,concept_page,
numbers.csv,yachin-taino-num-s43,家賃滞納：催告・契約解除の数値（ガイド更新）,家賃滞納：催告・契約解除の数値 — 関連制度：滞納督促 / 記録・保存：学習記録,滞納督促 | 学習記録 | 過去問で型確認 | 家賃滞納：催告・契約解除の数値 | 数値は試験要項・省令で確認,concept_page,
numbers.csv,kanri-houkoku-sho-num-s43,管理報告書：頻度と契約（ガイド更新）,管理報告書の作成・提出頻度は受託契約・約款で定める（法定一律なし）。,賃貸住宅管理業法・受託契約 | 契約で定める | 収支・修繕・空室等 | 適正化法の管理報告は別 | 頻度の固定暗記を避ける,concept_page,OK-practice
numbers.csv,it-jusetsu-unyou-num-s43,IT重説運用：事前書面交付の数値（ガイド更新）,IT重説運用：事前書面交付の数値 — 確認テーマ：IT重説運用：事前書面交付の数値 / 数値・条件：数値は試験要項・省令で確認,IT重説運用：事前書面交付の数値 | 数値は試験要項・省令で確認 | IT重説 | 学習記録 | 過去問で型確認,concept_page,
numbers.csv,sublease-koushin-num-s43,サブリース更新：更新協議・書面の数値（ガイド更新）,サブリース更新：更新協議・書面の数値 — 確認テーマ：サブリース更新：更新協議・書面の数値 / 数値・条件：数値は試験要項・省令で確認,サブリース更新：更新協議・書面の数値 | 数値は試験要項・省令で確認 | 特定賃貸借契約 | 学習記録 | 過去問で型確認,concept_page,
numbers.csv,kasai-taiou-num-s43,火災対応：初動・連絡体制の数値（ガイド更新）,火災対応：初動・連絡体制の数値 — 関連制度：火災保険 / 記録・保存：学習記録,火災保険 | 学習記録 | 過去問で型確認 | 火災対応：初動・連絡体制の数値 | 数値は試験要項・省令で確認,concept_page,
numbers.csv,keiyaku-koushin-num-s43,契約更新：更新料と法定更新（ガイド更新）,合意更新の更新料上限1ヶ月／法定更新は拒絶1〜6か月前。賃料改定と混同しない。,1ヶ月分以内 | 更新拒絶1〜6か月前 | 双方の合意 | 32条協議≠38条更新 | 更新料を賃料改定に混同しない,verify_official,OK-practice
numbers.csv,azukari-seisan-num-s43,預り金精算：明細書交付の数値（ガイド更新）,預り金精算：明細書交付の数値 — 記録・保存：学習記録 / 試験の確認点：過去問で型確認,学習記録 | 過去問で型確認 | 預り金精算：明細書交付の数値 | 数値は試験要項・省令で確認 | 敷金,concept_page,
numbers.csv,hanrei-seiri-num-s43,判例整理：判例・ガイドライン併読の数値（ガイド更新）,判例整理：判例・ガイドライン併読の数値 — 確認テーマ：判例整理：判例・ガイドライン併読の数値 / 数値・条件：数値は試験要項・省令で確認,判例整理：判例・ガイドライン併読の数値 | 数値は試験要項・省令で確認 | 特定賃貸借契約 | 学習記録 | 過去問で型確認,concept_page,
numbers.csv,nyukyo-trouble-num-s44,入居トラブル：初動対応と修繕義務（直前総合）,法定24時間初動なし。緊急修繕は借地借家法・受託契約で整理。,なし | 貸主（オーナー） | 管理受託契約で定める | 速やかに手配 | 実務目安≠法定,,OK-practice
numbers.csv,genjou-kaifuku-num-s44,原状回復協議：協議・書面化の数値（直前総合）,原状回復協議：協議・書面化の数値 — 数値・条件：数値は試験要項・省令で確認 / 関連制度：原状回復,数値は試験要項・省令で確認 | 原状回復 | 学習記録 | 過去問で型確認 | 原状回復協議：協議・書面化の数値,concept_page,
numbers.csv,yachin-taino-num-s44,家賃滞納：催告・契約解除の数値（直前総合）,家賃滞納：催告・契約解除の数値 — 記録・保存：学習記録 / 試験の確認点：過去問で型確認,学習記録 | 過去問で型確認 | 家賃滞納：催告・契約解除の数値 | 数値は試験要項・省令で確認 | 滞納督促,concept_page,
numbers.csv,kanri-houkoku-sho-num-s44,管理報告書：頻度と契約（直前総合）,管理報告書の作成・提出頻度は受託契約・約款で定める（法定一律なし）。,賃貸住宅管理業法・受託契約 | 契約で定める | 収支・修繕・空室等 | 適正化法の管理報告は別 | 頻度の固定暗記を避ける,concept_page,OK-practice
numbers.csv,it-jusetsu-unyou-num-s44,IT重説運用：事前書面交付の数値（直前総合）,IT重説運用：事前書面交付の数値 — 数値・条件：数値は試験要項・省令で確認 / 関連制度：IT重説,数値は試験要項・省令で確認 | IT重説 | 学習記録 | 過去問で型確認 | IT重説運用：事前書面交付の数値,concept_page,
numbers.csv,sublease-koushin-num-s44,サブリース更新：更新協議・書面の数値（直前総合）,サブリース更新：更新協議・書面の数値 — 確認テーマ：サブリース更新：更新協議・書面の数値 / 数値・条件：数値は試験要項・省令で確認,サブリース更新：更新協議・書面の数値 | 数値は試験要項・省令で確認 | 特定賃貸借契約 | 学習記録 | 過去問で型確認,concept_page,
numbers.csv,kasai-taiou-num-s44,火災対応：初動・連絡体制の数値（直前総合）,火災対応：初動・連絡体制の数値 — 数値・条件：数値は試験要項・省令で確認 / 関連制度：火災保険,数値は試験要項・省令で確認 | 火災保険 | 学習記録 | 過去問で型確認 | 火災対応：初動・連絡体制の数値,concept_page,
numbers.csv,keiyaku-koushin-num-s44,契約更新：更新料と法定更新（直前総合）,合意更新の更新料上限1ヶ月／法定更新は拒絶1〜6か月前。賃料改定と混同しない。,1ヶ月分以内 | 更新拒絶1〜6か月前 | 双方の合意 | 32条協議≠38条更新 | 更新料を賃料改定に混同しない,verify_official,OK-practice
numbers.csv,azukari-seisan-num-s44,預り金精算：明細書交付の数値（直前総合）,預り金精算：明細書交付の数値 — 記録・保存：学習記録 / 試験の確認点：過去問で型確認,学習記録 | 過去問で型確認 | 預り金精算：明細書交付の数値 | 数値は試験要項・省令で確認 | 敷金,concept_page,
numbers.csv,hanrei-seiri-num-s44,判例整理：判例・ガイドライン併読の数値（直前総合）,判例整理：判例・ガイドライン併読の数値 — 確認テーマ：判例整理：判例・ガイドライン併読の数値 / 数値・条件：数値は試験要項・省令で確認,判例整理：判例・ガイドライン併読の数値 | 数値は試験要項・省令で確認 | 特定賃貸借契約 | 学習記録 | 過去問で型確認,concept_page,
