slug,title,category,tags,summary,col_labels,compare_rows,article_title,article_lead,exam_points,common_mistakes,memory_tip,related_terms,faq_1_question,faq_1_answer,faq_2_question,faq_2_answer,faq_3_question,faq_3_answer,faq_4_question,faq_4_answer
chintai-takken,賃貸不動産経営管理士と宅地建物取引士の違い,賃貸住宅管理業法,賃管士;宅建士;資格,賃管士と宅建士の目的・試験・業務範囲の違いを整理します。,賃貸不動産経営管理士;宅地建物取引士,"[{""axis"": ""目的"", ""cols"": [""賃貸住宅の適正な管理・経営"", ""不動産取引の適正化""]}, {""axis"": ""試験"", ""cols"": [""50問・賃管法中心"", ""50問・宅建業法・民法等""]}, {""axis"": ""業務"", ""cols"": [""管理受託・経営管理"", ""売買・賃貸借の媒介""]}, {""axis"": ""見分け"", ""cols"": [""「管理」「受託」"", ""「媒介」「35条書面」""]}, {""axis"": ""混同"", ""cols"": [""宅建で管理業務"", ""賃管で媒介""]}]",賃管士と宅建士の違い｜賃貸不動産経営管理士,両者は不動産関連資格ですが、管理と取引で役割が異なります。賃管試験では両資格の関係と業務範囲の違いが頻出です。数値・日程・合格基準は一般社団法人賃貸不動産経営管理士協議会（www.chintaikanrishi.jp）の試験要項で必ずご確認ください。,賃管＝管理・経営;宅建＝取引・媒介;試験範囲が異なる;35条37条は宅建,賃管で媒介業務;宅建で管理受託;同一試験とする,「管理＝賃管」「取引＝宅建」と役割で整理。,賃貸不動産経営管理士;宅地建物取引士;重要事項説明（宅建業法）,賃管士の主な業務は？,賃貸住宅の管理・経営に関する専門的知識を要する業務です。管理受託契約・業務管理者制度等が中心です。賃管＝管理・経営。宅建＝取引・媒介。試験範囲が異なる。35条37条は宅建。「管理＝賃管」「取引＝宅建」と役割で整理。,宅建士との違いは？,宅地建物取引士は不動産取引の媒介・代理等が中心で、重要事項説明（35条・37条書面）が特徴です。賃管＝管理・経営。宅建＝取引・媒介。試験範囲が異なる。35条37条は宅建。「管理＝賃管」「取引＝宅建」と役割で整理。,試験対策のポイントは？,両資格の比較表を作成し、賃貸住宅管理業法と宅建業法の条文を分けて学習してください。賃管＝管理・経営。宅建＝取引・媒介。試験範囲が異なる。35条37条は宅建。「管理＝賃管」「取引＝宅建」と役割で整理。誤りやすいのは「賃管で媒介業務」と捉えることです。,公式の確認先は？,賃貸不動産経営管理士協議会（www.chintaikanrishi.jp）の試験要項を参照してください。賃管＝管理・経営。宅建＝取引・媒介。試験範囲が異なる。35条37条は宅建。「管理＝賃管」「取引＝宅建」と役割で整理。
pm-am,PMとAMの違い,賃貸経営・PM/AM,PM;AM;マネジメント,プロパティマネジメントとアセットマネジメントの目的・期間の違いを整理します。,プロパティマネジメント（PM）;アセットマネジメント（AM）,"[{""axis"": ""視点"", ""cols"": [""個別物件の運営・管理"", ""ポートフォリオ全体の収益最大化""]}, {""axis"": ""期間"", ""cols"": [""日々の管理・入居者対応"", ""中長期の売却・再投資判断""]}, {""axis"": ""業務"", ""cols"": [""募集・契約・修繕・入居対応"", ""収支分析・売却・取得戦略""]}, {""axis"": ""試験"", ""cols"": [""「入居」「修繕」"", ""「ポートフォリオ」「IRR」""]}, {""axis"": ""混同"", ""cols"": [""AMが日常管理"", ""PMが売却判断のみ""]}]",PMとAMの違い｜賃貸不動産経営管理士,賃貸経営ではPMが現場管理、AMが資産全体の戦略です。用語の定義と業務範囲を混同しないことが試験の要点です。プロパティマネジメントとアセットマネジメントの目的・期間の違いを整理します。試験で押さえるべき点は、PM＝運営管理、AM＝資産戦略、期間・視点が異なる、サブリースは別論点。,PM＝運営管理;AM＝資産戦略;期間・視点が異なる;サブリースは別論点,PMとAMを同一;AMが入居対応;PMが売却のみ,「現場＝PM」「全体＝AM」と視点で整理。,プロパティマネジメント（PM）;アセットマネジメント（AM）;サブリーススキーム,PMとは何ですか？,プロパティマネジメントは、賃貸物件の運営・管理を行い、入居率維持や修繕管理等を担います。PM＝運営管理。AM＝資産戦略。期間・視点が異なる。サブリースは別論点。「現場＝PM」「全体＝AM」と視点で整理。,AMとは何ですか？,アセットマネジメントは、複数物件を含む資産全体の収益性向上・売却・取得等の戦略を担います。PM＝運営管理。AM＝資産戦略。期間・視点が異なる。サブリースは別論点。「現場＝PM」「全体＝AM」と視点で整理。,試験対策のポイントは？,定義・業務範囲の正誤、サブリース・管理受託との関係が問われます。PM＝運営管理。AM＝資産戦略。期間・視点が異なる。サブリースは別論点。「現場＝PM」「全体＝AM」と視点で整理。誤りやすいのは「PMとAMを同一」と捉えることです。,関連用語はどれですか？,マスターリース契約、サブリーススキームの用語解説も参照してください。PM＝運営管理。AM＝資産戦略。期間・視点が異なる。サブリースは別論点。「現場＝PM」「全体＝AM」と視点で整理。誤りやすいのは「PMとAMを同一」と捉えることです。
kanri-uketsuke-sublease,管理受託とサブリースの違い,管理実務,管理受託;サブリース,管理受託契約とサブリーススキームの法律関係・リスクの違いを整理します。,管理受託契約;サブリーススキーム,"[{""axis"": ""契約構造"", ""cols"": [""オーナーと管理業者の委託"", ""一括借上げと再賃貸""]}, {""axis"": ""リスク"", ""cols"": [""管理報酬型が基本"", ""空室・賃料改定リスクの配分""]}, {""axis"": ""規制"", ""cols"": [""賃貸住宅管理業法"", ""借地借家法・民法""]}, {""axis"": ""試験"", ""cols"": [""「受託」「業務管理者」"", ""「一括借上」「転貸」""]}, {""axis"": ""混同"", ""cols"": [""サブリース＝管理受託"", ""受託で転貸のみ""]}]",管理受託とサブリースの違い｜賃貸不動産経営管理士,管理受託は委託型管理、サブリースは一括借上げ・再賃貸です。ガイドライン・判例・契約書面の違いが試験頻出です。管理受託契約とサブリーススキームの法律関係・リスクの違いを整理します。試験で押さえるべき点は、受託＝委託・報酬、サブリース＝借上・転貸、リスク配分が異なる、書面交付義務を確認。,受託＝委託・報酬;サブリース＝借上・転貸;リスク配分が異なる;書面交付義務を確認,サブリースを受託と同一;リスク配分を無視;ガイドライン不要,「委託＝受託」「借上転貸＝サブリース」。,管理受託契約;サブリーススキーム;サブリースガイドライン,管理受託契約とは？,賃貸住宅管理業者がオーナーから管理を受託する契約です。重要事項説明・書面交付が義務付けられます。受託＝委託・報酬。サブリース＝借上・転貸。リスク配分が異なる。書面交付義務を確認。「委託＝受託」「借上転貸＝サブリース」。,サブリースとは？,管理業者等が一括で借上げ、区分して再賃貸するスキームです。ガイドライン・判例で整理します。受託＝委託・報酬。サブリース＝借上・転貸。リスク配分が異なる。書面交付義務を確認。「委託＝受託」「借上転貸＝サブリース」。,試験対策のポイントは？,契約類型・リスク・書面の正誤を過去問で確認し、用語集と照合してください。受託＝委託・報酬。サブリース＝借上・転貸。リスク配分が異なる。書面交付義務を確認。「委託＝受託」「借上転貸＝サブリース」。誤りやすいのは「サブリースを受託と同一」と捉えることです。,判例はどこで確認しますか？,サブリース判例（最高裁平成15.10.21判決等）の用語ページを参照してください。受託＝委託・報酬。サブリース＝借上・転貸。リスク配分が異なる。書面交付義務を確認。「委託＝受託」「借上転貸＝サブリース」。
shakuchi-minpo,借地借家法と民法の賃貸借,借地借家法,借地借家法;民法,借地借家法の強行規定と民法の賃貸借の関係・適用優先を整理します。,借地借家法;民法,"[{""axis"": ""適用"", ""cols"": [""建物賃貸借・土地賃貸借"", ""一般の賃貸借""]}, {""axis"": ""更新"", ""cols"": [""正当事由・更新料規制"", ""合意による自由""]}, {""axis"": ""敷金"", ""cols"": [""上限・返還ルール"", ""当事者合意（制限あり）""]}, {""axis"": ""試験"", ""cols"": [""「正当事由」「更新料」"", ""「債務不履行のみ」""]}, {""axis"": ""混同"", ""cols"": [""民法のみで更新拒絶"", ""借地借家法不要""]}]",借地借家法と民法の賃貸借｜賃貸不動産経営管理士,建物賃貸借は借地借家法の強行規定が適用されます。更新・敷金・立退料等は借地借家法を優先して学習してください。借地借家法の強行規定と民法の賃貸借の関係・適用優先を整理します。試験で押さえるべき点は、建物賃貸借は借地借家法優先、更新・正当事由、敷金上限、立退料規制。,建物賃貸借は借地借家法優先;更新・正当事由;敷金上限;立退料規制,民法のみ適用;更新料無制限;敷金任意,「建物＝借地借家法」「土地も借地借家法」。,借地借家法;更新料;敷金,借地借家法の適用は？,建物の賃貸借・土地の賃貸借等に適用され、更新拒絶には正当事由が必要です。建物賃貸借は借地借家法優先。更新・正当事由。敷金上限。立退料規制。「建物＝借地借家法」「土地も借地借家法」。誤りやすいのは「民法のみ適用」と捉えることです。,民法との関係は？,借地借家法が優先適用され、当事者の合意で借地借家法の規定を排除できない部分があります。建物賃貸借は借地借家法優先。更新・正当事由。敷金上限。立退料規制。「建物＝借地借家法」「土地も借地借家法」。誤りやすいのは「民法のみ適用」と捉えることです。,試験対策のポイントは？,更新・敷金・立退料の数値と正当事由を表にまとめ、過去問で確認してください。建物賃貸借は借地借家法優先。更新・正当事由。敷金上限。立退料規制。「建物＝借地借家法」「土地も借地借家法」。誤りやすいのは「民法のみ適用」と捉えることです。,賃管法との関係は？,賃貸住宅管理業法は管理業者規制、借地借家法は賃貸借関係と分担して整理してください。建物賃貸借は借地借家法優先。更新・正当事由。敷金上限。立退料規制。「建物＝借地借家法」「土地も借地借家法」。誤りやすいのは「民法のみ適用」と捉えることです。
shikikin-reikin,敷金と礼金の違い,借地借家法,敷金;礼金,敷金と礼金の性質・上限・返還の違いを整理します。,敷金;礼金,"[{""axis"": ""性質"", ""cols"": [""契約終了後の返還を前提"", ""再交付不要の金銭""]}, {""axis"": ""規制"", ""cols"": [""敷金上限・明細書等"", ""礼金は規制が異なる""]}, {""axis"": ""控除"", ""cols"": [""未払賃料・原状回復費"", ""控除対象外""]}, {""axis"": ""試験"", ""cols"": [""「返還」「明細」"", ""「再交付不要」""]}, {""axis"": ""混同"", ""cols"": [""礼金を敷金と同様"", ""敷金を礼金とする""]}]",敷金と礼金の違い｜賃貸不動産経営管理士,敷金は担保・返還、礼金は報酬的性格です。敷金明細書・返還請求権・原状回復との関係が頻出です。敷金と礼金の性質・上限・返還の違いを整理します。試験で押さえるべき点は、敷金は返還・控除、礼金は再交付不要、上限・明細、原状回復とセット。,敷金は返還・控除;礼金は再交付不要;上限・明細;原状回復とセット,礼金返還義務;敷金無制限;明細不要,「返還＝敷金」「報酬＝礼金」。,敷金;礼金;敷金明細書;原状回復,敷金の上限は？,借地借家法・規則で賃料の月数上限等が定められます。数値は条文・過去問で確認してください。敷金は返還・控除。礼金は再交付不要。上限・明細。原状回復とセット。「返還＝敷金」「報酬＝礼金」。誤りやすいのは「礼金返還義務」と捉えることです。,礼金の性質とは何ですか？,賃貸借の対価の性質を持ち、原則として返還されません。敷金と混同しないでください。敷金は返還・控除。礼金は再交付不要。上限・明細。原状回復とセット。「返還＝敷金」「報酬＝礼金」。誤りやすいのは「礼金返還義務」と捉えることです。,試験対策のポイントは？,敷金・礼金・保証金・敷金明細書を比較表にし、返還・控除の正誤を反復してください。敷金は返還・控除。礼金は再交付不要。上限・明細。原状回復とセット。「返還＝敷金」「報酬＝礼金」。誤りやすいのは「礼金返還義務」と捉えることです。,原状回復は？,敷金からの控除と原状回復ガイドラインの関係も問われます。敷金は返還・控除。礼金は再交付不要。上限・明細。原状回復とセット。「返還＝敷金」「報酬＝礼金」。誤りやすいのは「礼金返還義務」と捉えることです。
genjo-kaishu,原状回復と修繕の違い,管理実務,原状回復;修繕,原状回復義務と賃貸人・賃借人の修繕義務の分担を整理します。,原状回復;修繕,"[{""axis"": ""負担"", ""cols"": [""通常は賃借人（通常損耗除く）"", ""賃貸人は構造・主要設備等""]}, {""axis"": ""根拠"", ""cols"": [""契約・ガイドライン"", ""民法・借地借家法""]}, {""axis"": ""敷金"", ""cols"": [""控除の対象"", ""修繕費用は別途""]}, {""axis"": ""試験"", ""cols"": [""「通常損耗」"", ""「構造一部」""]}, {""axis"": ""混同"", ""cols"": [""すべて賃借人"", ""すべて賃貸人""]}]",原状回復と修繕の違い｜賃貸不動産経営管理士,原状回復は退去時の費用負担、修繕は契約期間中の設備保全です。ガイドラインと通常損耗の区別が試験の定番です。原状回復義務と賃貸人・賃借人の修繕義務の分担を整理します。試験で押さえるべき点は、通常損耗は貸主負担、原状回復ガイドライン、修繕義務の分担、敷金控除。,通常損耗は貸主負担;原状回復ガイドライン;修繕義務の分担;敷金控除,すべて借主負担;ガイドライン無視;修繕不要,「期間中＝修繕」「退去＝原状回復」。,原状回復;原状回復ガイドライン;貸主の修繕義務,原状回復とは？,賃貸借終了時に賃借人が貸した建物を原状に回復する義務です。通常損耗は除外されます。通常損耗は貸主負担。原状回復ガイドライン。修繕義務の分担。敷金控除。「期間中＝修繕」「退去＝原状回復」。誤りやすいのは「すべて借主負担」と捉えることです。,修繕義務は？,賃貸人は構造・主要設備等、賃借人は使用による小修繕等、負担が分かれます。通常損耗は貸主負担。原状回復ガイドライン。修繕義務の分担。敷金控除。「期間中＝修繕」「退去＝原状回復」。誤りやすいのは「すべて借主負担」と捉えることです。,試験対策のポイントは？,ガイドライン・判例・敷金控除の正誤を過去問で確認してください。通常損耗は貸主負担。原状回復ガイドライン。修繕義務の分担。「期間中＝修繕」「退去＝原状回復」。誤りやすいのは「すべて借主負担」と捉えることです。,トラブル事例は？,原状回復をめぐるトラブルとガイドラインの用語も参照してください。通常損耗は貸主負担。原状回復ガイドライン。修繕義務の分担。敷金控除。「期間中＝修繕」「退去＝原状回復」。誤りやすいのは「すべて借主負担」と捉えることです。
go-menjo-ippan,5問免除と一般受験の違い,賃貸住宅管理業法,5問免除;登録講習,登録講習修了による5問免除と一般受験（50問）の違いを整理します。,一般受験（50問）;5問免除（45問）,"[{""axis"": ""問題数"", ""cols"": [""50問"", ""45問（5問免除）""]}, {""axis"": ""合格基準"", ""cols"": [""相対評価・年度により変動"", ""一般よりやや緩い傾向あり""]}, {""axis"": ""要件"", ""cols"": [""講習不要"", ""登録講習修了""]}, {""axis"": ""試験"", ""cols"": [""「50問」「38点」例"", ""「45問」「33点」例""]}, {""axis"": ""混同"", ""cols"": [""免除で合格確定"", ""講習不要で登録""]}]",5問免除と一般受験の違い｜賃貸不動産経営管理士,合格は相対評価です。5問免除は問題数が減る一方、登録講習の受講が必要です。年度ごとの合格基準点を要項で確認してください。数値・日程・合格基準は一般社団法人賃貸不動産経営管理士協議会（www.chintaikanrishi.jp）の試験要項で必ずご確認ください。,50問と45問を区別;合格基準点は年度別;講習修了が要件;相対評価,免除＝必ず合格;基準点同一;講習不要,「50＝一般」「45＝講習修了」。,賃貸不動産経営管理士;賃貸不動産経営管理士登録制度,一般受験の問題数は？,50問の四肢択一です。合格基準点は試験ごとに発表されます（例：38点以上）。数値・日程・合格基準は一般社団法人賃貸不動産経営管理士協議会（www.chintaikanrishi.jp）の試験要項で必ずご確認ください。,5問免除とは？,登録講習修了者は45問受験となり、免除範囲は要項で確認してください。数値・日程・合格基準は一般社団法人賃貸不動産経営管理士協議会（www.chintaikanrishi.jp）の試験要項で必ずご確認ください。,試験対策のポイントは？,講習受講の有無で演習量を調整し、合格基準点の推移表を作成してください。50問と45問を区別。合格基準点は年度別。講習修了が要件。相対評価。「50＝一般」「45＝講習修了」。誤りやすいのは「免除＝必ず合格」と捉えることです。,公式サイトの確認先はどこですか？,賃貸不動産経営管理士協議会の試験要項・統計を参照してください。50問と45問を区別。合格基準点は年度別。講習修了が要件。相対評価。「50＝一般」「45＝講習修了」。誤りやすいのは「免除＝必ず合格」と捉えることです。
gyomu-kanrisha,業務管理者と賃貸不動産経営管理士,賃貸住宅管理業法,業務管理者;賃管士,業務管理者選任と賃管士登録の関係・要件の違いを整理します。,賃貸不動産経営管理士;業務管理者,"[{""axis"": ""資格"", ""cols"": [""試験合格・登録"", ""管理業者が選任（資格者）""]}, {""axis"": ""義務"", ""cols"": [""知識の保有"", ""事業所ごとの管理業務統括""]}, {""axis"": ""試験"", ""cols"": [""「登録」「50問」"", ""「選任」「専任性」""]}, {""axis"": ""混同"", ""cols"": [""業務管理者＝登録不要"", ""賃管士が自動選任""]}]",業務管理者と賃管士の違い｜賃貸不動産経営管理士,賃管士は国家資格、業務管理者は管理業者が選任する役職です。登録・講習・業務管理者の三者関係が法令で問われます。業務管理者選任と賃管士登録の関係・要件の違いを整理します。試験で押さえるべき点は、賃管士＝資格・登録、業務管理者＝選任、管理業者登録、書面・重要事項。,賃管士＝資格・登録;業務管理者＝選任;管理業者登録;書面・重要事項,業務管理者不要;賃管士＝自動業務管理者;選任要件無視,「資格＝賃管士」「選任＝業務管理者」。,業務管理者;賃貸不動産経営管理士;国土交通大臣登録,業務管理者とは？,賃貸住宅管理業者が、事業所ごとに選任する管理業務の統括者です。賃管士登録等が要件となります。賃管士＝資格・登録。業務管理者＝選任。管理業者登録。書面・重要事項。「資格＝賃管士」「選任＝業務管理者」。誤りやすいのは「業務管理者不要」と捉えることです。,賃管士との関係は？,試験合格後に登録し、業務管理者として従事する流れが典型です。詳細は賃貸住宅管理業法で確認してください。賃管士＝資格・登録。業務管理者＝選任。管理業者登録。書面・重要事項。「資格＝賃管士」「選任＝業務管理者」。,試験対策のポイントは？,登録・業務管理者・管理受託の関係図を作成し、正誤問題を反復してください。賃管士＝資格・登録。業務管理者＝選任。管理業者登録。書面・重要事項。「資格＝賃管士」「選任＝業務管理者」。誤りやすいのは「業務管理者不要」と捉えることです。,管理業者登録は？,国土交通大臣登録が管理業者に必要です。用語集の登録制度ページを参照してください。賃管士＝資格・登録。業務管理者＝選任。管理業者登録。書面・重要事項。「資格＝賃管士」「選任＝業務管理者」。誤りやすいのは「業務管理者不要」と捉えることです。
juuyou-jiko-35-37,35条書面と37条書面,民法,35条書面;37条書面;宅建,宅建業法の重要事項説明（35条）と契約書面（37条）の違いを整理します。,35条書面;37条書面,"[{""axis"": ""時期"", ""cols"": [""契約の申込み前"", ""契約の成立時""]}, {""axis"": ""目的"", ""cols"": [""重要事項の説明"", ""契約内容の確定""]}, {""axis"": ""試験での位置"", ""cols"": [""宅建・管理受託の類推"", ""賃管は管理受託の重要事項説明""]}, {""axis"": ""見分け"", ""cols"": [""「申込前」「説明」"", ""「成立時」「契約」""]}, {""axis"": ""混同"", ""cols"": [""37条だけで説明済み"", ""35条不要""]}]",35条書面と37条書面｜賃貸不動産経営管理士,宅建業法の35条・37条は賃管試験でも類推出題されます。管理受託では管理受託契約重要事項説明が対応概念です。宅建業法の重要事項説明（35条）と契約書面（37条）の違いを整理します。試験で押さえるべき点は、35条＝申込前・説明、37条＝成立時・契約、管理受託は別名称、時期で区別。,35条＝申込前・説明;37条＝成立時・契約;管理受託は別名称;時期で区別,37条のみ;35条不要;管理受託に宅建書面そのまま,「説明＝35」「契約＝37」。,35条書面;37条書面;管理受託契約重要事項説明,35条書面とは？,宅地建物取引業者が、契約申込み前に重要事項を説明するための書面です。35条＝申込前・説明。37条＝成立時・契約。管理受託は別名称。時期で区別。「説明＝35」「契約＝37」。誤りやすいのは「37条のみ」と捉えることです。,37条書面とは？,売買契約等の内容を記載した契約書面で、成立時に交付します。35条＝申込前・説明。37条＝成立時・契約。管理受託は別名称。時期で区別。「説明＝35」「契約＝37」。誤りやすいのは「37条のみ」と捉えることです。,賃管試験での関連は？,管理受託契約重要事項説明・書面交付義務と対応づけて学習してください。35条＝申込前・説明。37条＝成立時・契約。管理受託は別名称。時期で区別。「説明＝35」「契約＝37」。誤りやすいのは「37条のみ」と捉えることです。,試験対策のポイントは？,時期・目的の比較表を作成し、過去問の正誤肢を確認してください。35条＝申込前・説明。37条＝成立時・契約。管理受託は別名称。時期で区別。「説明＝35」「契約＝37」。誤りやすいのは「37条のみ」と捉えることです。
kubun-shoyu-chintai,区分所有と賃貸借管理,民法,区分所有法;賃貸借,区分所有建物の賃貸借管理における権利関係の違いを整理します。,区分所有権;管理受託契約,"[{""axis"": ""権利"", ""cols"": [""専有部分・共用部分"", ""賃借権は債権""]}, {""axis"": ""管理"", ""cols"": [""管理組合・管理規約"", ""管理業者の受託""]}, {""axis"": ""試験"", ""cols"": [""「専有部分」"", ""「賃借人・オーナー」""]}, {""axis"": ""混同"", ""cols"": [""賃借人が区分所有者"", ""管理組合不要""]}]",区分所有と賃貸借管理｜賃貸不動産経営管理士,マンション等では区分所有法上の専有部分を賃貸借し、管理業者がオーナーから受託する構造が典型です。権利関係を図示して整理してください。区分所有建物の賃貸借管理における権利関係の違いを整理します。試験で押さえるべき点は、専有部分＝賃貸対象、共用部分＝組合管理、賃借権は債権、管理受託はオーナー側。,専有部分＝賃貸対象;共用部分＝組合管理;賃借権は債権;管理受託はオーナー側,賃借人＝所有者;共用部任意;規約無視,「所有＝オーナー」「賃借＝入居者」。,区分所有権;管理受託契約;建物賃貸借契約,区分所有権とは？,マンション等の専有部分の所有権です。共用部分は共有持分となります。専有部分＝賃貸対象。共用部分＝組合管理。賃借権は債権。管理受託はオーナー側。「所有＝オーナー」「賃借＝入居者」。誤りやすいのは「賃借人＝所有者」と捉えることです。,賃貸借管理は？,オーナーが専有部分を賃貸し、管理業者が管理受託契約に基づき管理する構造です。専有部分＝賃貸対象。共用部分＝組合管理。賃借権は債権。管理受託はオーナー側。「所有＝オーナー」「賃借＝入居者」。誤りやすいのは「賃借人＝所有者」と捉えることです。,試験対策のポイントは？,権利関係図を描き、管理受託・原状回復・修繕の主体を確認してください。専有部分＝賃貸対象。共用部分＝組合管理。賃借権は債権。管理受託はオーナー側。「所有＝オーナー」「賃借＝入居者」。誤りやすいのは「賃借人＝所有者」と捉えることです。,マン管士との違いは？,マンション管理士は管理組合側、賃管士は賃貸経営・管理業者側と整理できます。専有部分＝賃貸対象。共用部分＝組合管理。賃借権は債権。管理受託はオーナー側。「所有＝オーナー」「賃借＝入居者」。誤りやすいのは「賃借人＝所有者」と捉えることです。
it-jusetsu-taimen,IT重説と対面の重要事項説明,賃貸住宅管理業法,IT重説;重要事項説明,管理受託・特定賃貸借のIT重説と、対面による重要事項説明の要件差を整理します。,IT重説;対面説明,"[{""axis"": ""方式"", ""cols"": [""双方向の映像・音声"", ""対面または同等の説明""]}, {""axis"": ""要件"", ""cols"": [""事前書面・相手方承諾"", ""説明の記録・確認""]}, {""axis"": ""適用"", ""cols"": [""宅建業法のIT重説類型"", ""賃管法の管理受託・特定賃貸借""]}, {""axis"": ""試験"", ""cols"": [""「承諾」「双方向」"", ""「口頭のみ」""]}, {""axis"": ""混同"", ""cols"": [""ITのみで書面不要"", ""対面なら35条不要""]}]",IT重説と対面説明の違い｜賃貸不動産経営管理士,IT重説は双方向の映像・音声装置を用いる説明方式です。対面説明と要件が異なるため、承諾・事前書面・記録の有無を条文で区別して学習してください。数値・日程・合格基準は一般社団法人賃貸不動産経営管理士協議会（www.chintaikanrishi.jp）の試験要項で必ずご確認ください。,双方向が要件;事前書面と承諾;賃管法と宅建法の類型;口頭のみは不可,IT重説で説明記録不要;対面なら書面不要;承諾不要,「双方向・承諾・書面」をセットで暗記。,IT重説;管理受託契約重要事項説明;特定賃貸借契約重要事項説明,IT重説の要件は何ですか？,双方向でやり取りできる映像・音声装置を用いることに加え、事前の書面交付と相手方の承諾が必要です。宅建業法・賃貸住宅管理業法それぞれの条文で確認してください。双方向が要件。事前書面と承諾。賃管法と宅建法の類型。,対面説明との違いは？,対面は説明者と相手方が同一場所で行う方式、IT重説はオンラインで双方向性を確保する方式です。いずれも重要事項説明の具体的方法であり、口頭のみでは足りません。双方向が要件。事前書面と承諾。賃管法と宅建法の類型。,試験対策のポイントは？,IT重説・管理受託契約重要事項説明・35条類推を比較表にし、要件の正誤肢を過去問で確認してください。双方向が要件。事前書面と承諾。賃管法と宅建法の類型。口頭のみは不可。「双方向・承諾・書面」をセットで暗記。,公式の確認先はどこですか？,賃貸不動産経営管理士協議会のガイドラインと、関連法令の条文を参照してください。数値・日程・合格基準は一般社団法人賃貸不動産経営管理士協議会（www.chintaikanrishi.jp）の試験要項で必ずご確認ください。
teiki-futsu-chintai,定期建物賃貸借と普通建物賃貸借,借地借家法,定期建物;普通借家,定期建物賃貸借と普通建物賃貸借の更新・期間満了の違いを整理します。,定期建物賃貸借;普通建物賃貸借,"[{""axis"": ""更新"", ""cols"": [""期間満了で終了（再契約は別）"", ""更新可能・正当事由で拒絶""]}, {""axis"": ""期間"", ""cols"": [""当事者が定める一定期間"", ""1年超が原則""]}, {""axis"": ""書面"", ""cols"": [""書面等の要件"", ""合意による期間定め""]}, {""axis"": ""試験"", ""cols"": [""「満了終了」"", ""「更新申入」""]}, {""axis"": ""混同"", ""cols"": [""定期も法定更新"", ""普通も満了終了""]}]",定期建物賃貸借と普通借家の違い｜賃貸不動産経営管理士,マンション・戸建の賃貸借では、定期か普通かで借主の安定性が変わります。期間満了・更新申入・正当事由をフローチャートで整理してください。数値・日程・合格基準は一般社団法人賃貸不動産経営管理士協議会（www.chintaikanrishi.jp）の試験要項で必ずご確認ください。,定期＝満了終了;普通＝更新・正当事由;書面要件;再契約は新合意,定期も更新申入;普通も必ず更新;書面不要,「定期＝期間で終了」「普通＝更新制度」。,定期建物賃貸借契約;借地借家法;合意更新,定期建物賃貸借の特徴は？,当事者が定めた期間の満了により賃貸借が終了します。再び賃貸したい場合は新たな契約が必要です。定期＝満了終了。普通＝更新・正当事由。書面要件。再契約は新合意。「定期＝期間で終了」「普通＝更新制度」。誤りやすいのは「定期も更新申入」と捉えることです。,普通建物賃貸借の特徴は？,原則として更新があり、賃貸人が更新を拒絶するには正当事由が必要です。更新料・立退料も論点になります。定期＝満了終了。普通＝更新・正当事由。書面要件。再契約は新合意。「定期＝期間で終了」「普通＝更新制度」。,試験対策のポイントは？,定期・普通・短期借家を表にまとめ、過去問の「更新」「満了」「正当事由」肢を分類してください。定期＝満了終了。普通＝更新・正当事由。書面要件。再契約は新合意。「定期＝期間で終了」「普通＝更新制度」。誤りやすいのは「定期も更新申入」と捉えることです。,関連する条文はどこですか？,借地借家法の建物賃貸借・定期建物賃貸借の規定と、用語集の解説をあわせて確認してください。定期＝満了終了。普通＝更新・正当事由。書面要件。再契約は新合意。「定期＝期間で終了」「普通＝更新制度」。誤りやすいのは「定期も更新申入」と捉えることです。
master-sublease-hikaku,マスターリースとサブリース,賃貸経営・PM/AM,マスターリース;サブリース,一括借上げのマスターリースと、区分転貸のサブリースのスキーム差を整理します。,マスターリース契約;サブリーススキーム,"[{""axis"": ""構造"", ""cols"": [""オーナーと借主の一括借上げ"", ""借上げ後の区分転貸""]}, {""axis"": ""リスク"", ""cols"": [""空室・賃料の配分（契約型）"", ""転貸・ガイドライン適用""]}, {""axis"": ""契約"", ""cols"": [""原賃貸借＝マスターリース"", ""転貸借・特定賃貸借""]}, {""axis"": ""試験"", ""cols"": [""「一括借上」"", ""「PM/AM」""]}, {""axis"": ""混同"", ""cols"": [""同一スキーム"", ""管理受託と同一""]}]",マスターリースとサブリースの違い｜賃貸不動産経営管理士,マスターリースは原賃貸借、サブリースはその上の転貸スキームです。原賃貸借終了の効果・ガイドライン・判例をセットで学習してください。数値・日程・合格基準は一般社団法人賃貸不動産経営管理士協議会（www.chintaikanrishi.jp）の試験要項で必ずご確認ください。,マスター＝原賃貸借;サブ＝転貸;リスク配分;原契約終了の影響,同一契約;管理受託と同一;リスク無視,「借上＝マスター」「転貸＝サブ」。,マスターリース契約;サブリーススキーム;原賃貸借契約,マスターリースとは？,サブリース業者が建物所有者から賃貸住宅を一括して賃借する契約で、原賃貸借契約に相当します。マスター＝原賃貸借。サブ＝転貸。リスク配分。原契約終了の影響。「借上＝マスター」「転貸＝サブ」。誤りやすいのは「同一契約」と捉えることです。,サブリースとは？,一括借上げした物件を区分して再賃貸するスキームです。特定賃貸借・ガイドライン・判例が適用されます。マスター＝原賃貸借。サブ＝転貸。リスク配分。原契約終了の影響。「借上＝マスター」「転貸＝サブ」。誤りやすいのは「同一契約」と捉えることです。,試験対策のポイントは？,スキーム図を描き、管理受託・マスターリース・サブリースの三者関係を比較表にしてください。マスター＝原賃貸借。サブ＝転貸。リスク配分。原契約終了の影響。「借上＝マスター」「転貸＝サブ」。誤りやすいのは「同一契約」と捉えることです。,判例はどこで確認しますか？,サブリース関連判例の用語ページを参照し、書面交付・重要事項説明の正誤も確認してください。マスター＝原賃貸借。サブ＝転貸。リスク配分。原契約終了の影響。「借上＝マスター」「転貸＝サブ」。誤りやすいのは「同一契約」と捉えることです。
yachin-hosho-shikikin,家賃債務保証と敷金,管理実務,家賃保証;敷金,家賃債務保証会社と敷金の性質・規制の違いを整理します。,家賃債務保証;敷金,"[{""axis"": ""性質"", ""cols"": [""債務保証（第三者）"", ""担保的金銭（預り金）""]}, {""axis"": ""規制"", ""cols"": [""家賃債務保証業者登録"", ""借地借家法の上限・明細""]}, {""axis"": ""返還"", ""cols"": [""保証契約による"", ""契約終了後の返還・控除""]}, {""axis"": ""試験"", ""cols"": [""「登録業者」"", ""「明細書」""]}, {""axis"": ""混同"", ""cols"": [""保証＝敷金"", ""敷金上限なし""]}]",家賃債務保証と敷金の違い｜賃貸不動産経営管理士,家賃保証は債務保証、敷金は預り金として規制されます。トラブル事例と登録制度を用語集で確認してください。数値・日程・合格基準は一般社団法人賃貸不動産経営管理士協議会（www.chintaikanrishi.jp）の試験要項で必ずご確認ください。,保証は第三者;敷金は上限・明細;返還ルールが異なる;登録制度,保証金＝敷金;保証不要;明細不要,「保証＝債務」「敷金＝預り」。,家賃債務保証;敷金;家賃債務保証会社,家賃債務保証とは？,賃借人の家賃等の債務を第三者が保証する制度で、家賃債務保証業者の登録が問題になります。保証は第三者。敷金は上限・明細。返還ルールが異なる。登録制度。「保証＝債務」「敷金＝預り」。誤りやすいのは「保証金＝敷金」と捉えることです。,敷金との違いは？,敷金は賃貸人が預かる金銭で、借地借家法上の上限・明細書・返還ルールがあります。性質が異なります。保証は第三者。敷金は上限・明細。返還ルールが異なる。登録制度。「保証＝債務」「敷金＝預り」。誤りやすいのは「保証金＝敷金」と捉えることです。,試験対策のポイントは？,敷金・礼金・保証金・家賃保証を比較表にし、返還・控除・登録の正誤を反復してください。保証は第三者。敷金は上限・明細。返還ルールが異なる。登録制度。「保証＝債務」「敷金＝預り」。誤りやすいのは「保証金＝敷金」と捉えることです。,トラブル事例の確認は？,家賃保証会社のトラブル用語も参照し、管理実務での説明義務とセットで学習してください。保証は第三者。敷金は上限・明細。返還ルールが異なる。登録制度。「保証＝債務」「敷金＝預り」。誤りやすいのは「保証金＝敷金」と捉えることです。
kanri-itaku-chintai,管理受託と賃貸借契約,賃貸住宅管理業法,管理受託;賃貸借,管理受託契約（委託）と賃貸借契約（使用収益）の法律関係の違いを整理します。,管理受託契約;賃貸借,"[{""axis"": ""類型"", ""cols"": [""委託（管理業務）"", ""賃貸借（使用・収益）""]}, {""axis"": ""主体"", ""cols"": [""管理業者と貸主"", ""貸主と借主""]}, {""axis"": ""報酬"", ""cols"": [""管理報酬"", ""賃料""]}, {""axis"": ""試験"", ""cols"": [""「業務管理者」"", ""「敷金」""]}, {""axis"": ""混同"", ""cols"": [""受託＝賃貸借"", ""管理業者＝貸主""]}]",管理受託と賃貸借の違い｜賃貸不動産経営管理士,管理受託はオーナーからの委託、賃貸借は入居者との関係です。権利義務の主体を取り違えないことが試験の要点です。数値・日程・合格基準は一般社団法人賃貸不動産経営管理士協議会（www.chintaikanrishi.jp）の試験要項で必ずご確認ください。,受託＝委託契約;賃貸借＝入居者;書面・重要事項;報酬と賃料,受託で賃料請求;管理業者が貸主;同一契約,「オーナー側＝受託」「入居者＝賃貸借」。,管理受託契約;賃貸借;賃貸住宅管理業,管理受託契約とは？,賃貸人から賃貸住宅の管理業務を受託する契約で、重要事項説明・書面交付が義務付けられます。受託＝委託契約。賃貸借＝入居者。書面・重要事項。報酬と賃料。「オーナー側＝受託」「入居者＝賃貸借」。誤りやすいのは「受託で賃料請求」と捉えることです。,賃貸借契約とは？,貸主と借主の間の使用・収益を目的とする契約で、敷金・更新・原状回復等が論点になります。受託＝委託契約。賃貸借＝入居者。書面・重要事項。報酬と賃料。「オーナー側＝受託」「入居者＝賃貸借」。誤りやすいのは「受託で賃料請求」と捉えることです。,試験対策のポイントは？,オーナー・管理業者・入居者の関係図を描き、各契約の義務を表で整理してください。受託＝委託契約。賃貸借＝入居者。書面・重要事項。報酬と賃料。「オーナー側＝受託」「入居者＝賃貸借」。誤りやすいのは「受託で賃料請求」と捉えることです。,関連する法令はどこですか？,賃貸住宅管理業法と借地借家法・民法を分けて条文確認してください。受託＝委託契約。賃貸借＝入居者。書面・重要事項。報酬と賃料。「オーナー側＝受託」「入居者＝賃貸借」。誤りやすいのは「受託で賃料請求」と捉えることです。
tokutei-chintai-ippan,特定賃貸借と通常の賃貸借,賃貸住宅管理業法,特定賃貸借;サブリース,サブリースにおける特定賃貸借と、通常の建物賃貸借の規制差を整理します。,特定賃貸借;建物賃貸借,"[{""axis"": ""適用"", ""cols"": [""サブリースの転貸部分"", ""一般の入居者賃貸借""]}, {""axis"": ""規制"", ""cols"": [""誇大広告禁止・重説"", ""借地借家法・民法""]}, {""axis"": ""書面"", ""cols"": [""特定賃貸借契約書面"", ""賃貸借契約書""]}, {""axis"": ""試験"", ""cols"": [""「勧誘者」"", ""「転貸」""]}, {""axis"": ""混同"", ""cols"": [""規制なし"", ""管理受託と同一""]}]",特定賃貸借と通常賃貸借の違い｜賃貸不動産経営管理士,特定賃貸借はサブリース規制の中心です。重要事項説明・書面交付・標準契約書を通常の賃貸借と対比して学習してください。数値・日程・合格基準は一般社団法人賃貸不動産経営管理士協議会（www.chintaikanrishi.jp）の試験要項で必ずご確認ください。,特定＝サブリース規制;重説・書面;勧誘者規制;通常＝借地借家法,特定も一般と同一;重説不要;勧誘者自由,「転貸＝特定賃貸借規制」。,特定賃貸借契約;特定賃貸借契約重要事項説明;サブリーススキーム,特定賃貸借契約とは？,サブリース業者が転貸する際の賃貸借で、誇大広告等の禁止・重要事項説明が適用されます。特定＝サブリース規制。重説・書面。勧誘者規制。通常＝借地借家法。「転貸＝特定賃貸借規制」。誤りやすいのは「特定も一般と同一」と捉えることです。,通常の賃貸借との違いは？,一般の入居者賃貸借は借地借家法中心、特定賃貸借はサブリース規制が加わります。特定＝サブリース規制。重説・書面。勧誘者規制。通常＝借地借家法。「転貸＝特定賃貸借規制」。誤りやすいのは「特定も一般と同一」と捉えることです。,試験対策のポイントは？,サブリースガイドラインと特定賃貸借の用語を一覧化し、過去問の主体を確認してください。特定＝サブリース規制。重説・書面。勧誘者規制。通常＝借地借家法。「転貸＝特定賃貸借規制」。誤りやすいのは「特定も一般と同一」と捉えることです。,書面交付の要件は？,特定賃貸借契約書面交付義務が問われます。標準契約書の用語も参照してください。特定＝サブリース規制。重説・書面。勧誘者規制。通常＝借地借家法。「転貸＝特定賃貸借規制」。誤りやすいのは「特定も一般と同一」と捉えることです。
ikkatsu-sai-itaku,一括再委託と再委託,賃貸住宅管理業法,一括再委託;再委託,管理業務の一括再委託禁止と、個別の再委託の違いを整理します。,一括再委託;再委託,"[{""axis"": ""禁止"", ""cols"": [""一括再委託は原則禁止"", ""個別の再委託は可能な場合あり""]}, {""axis"": ""目的"", ""cols"": [""管理業務の実効性確保"", ""事務の分担""]}, {""axis"": ""監督"", ""cols"": [""管理業者の責任"", ""再委託先の監督""]}, {""axis"": ""試験"", ""cols"": [""「一括」"", ""「全部委託」""]}, {""axis"": ""混同"", ""cols"": [""再委託は自由"", ""一括も可""]}]",一括再委託と再委託の違い｜賃貸不動産経営管理士,賃貸住宅管理業法は一括再委託を禁止し、管理業務の実効性を確保します。再委託の範囲と監督義務が頻出です。数値・日程・合格基準は一般社団法人賃貸不動産経営管理士協議会（www.chintaikanrishi.jp）の試験要項で必ずご確認ください。,一括禁止;個別再委託は限定;管理業者の責任;監督義務,再委託自由と誤解しやすい;一括可と誤解しやすい;責任免除と誤解しやすい,「一括＝禁止」「個別＝限定」。,管理業務の一括再委託の禁止;管理事務の再委託;賃貸住宅管理業,一括再委託の禁止とは？,管理業者が受託した管理業務の全部を第三者に再委託することは原則として認められません。一括禁止。個別再委託は限定。管理業者の責任。監督義務。「一括＝禁止」「個別＝限定」。誤りやすいのは「再委託自由」と捉えることです。,再委託との違いは？,個別の事務の再委託は一定の範囲で認められる場合があります。一括と部分を区別してください。一括禁止。個別再委託は限定。管理業者の責任。監督義務。「一括＝禁止」「個別＝限定」。誤りやすいのは「再委託自由」と捉えることです。,試験対策のポイントは？,一括再委託・再委託・管理業務の定義を条文で確認し、正誤肢を反復してください。一括禁止。個別再委託は限定。管理業者の責任。監督義務。「一括＝禁止」「個別＝限定」。誤りやすいのは「再委託自由」と捉えることです。,関連用語は？,管理事務の再委託、管理業務、業務管理者の用語ページを参照してください。一括禁止。個別再委託は限定。管理業者の責任。監督義務。「一括＝禁止」「個別＝限定」。誤りやすいのは「再委託自由」と捉えることです。
goui-koushin-houtei,合意更新と法定更新,借地借家法,合意更新;法定更新,借地借家法の合意更新と法定更新（更新しないで継続）の違いを整理します。,合意更新;法定更新,"[{""axis"": ""合意更新"", ""cols"": [""更新料・合意"", ""正当事由なしで拒絶不可ではない""]}, {""axis"": ""法定更新"", ""cols"": [""更新しないまま継続"", ""一定期間経過後""]}, {""axis"": ""効果"", ""cols"": [""新期間の開始"", ""従前契約の継続""]}, {""axis"": ""試験"", ""cols"": [""「更新料」"", ""「黙示」""]}, {""axis"": ""混同"", ""cols"": [""同一手続"", ""更新料不要""]}]",合意更新と法定更新の違い｜賃貸不動産経営管理士,更新制度は合意更新・更新拒絶・法定更新が絡み合います。更新料の上限と正当事由をセットで整理してください。数値・日程・合格基準は一般社団法人賃貸不動産経営管理士協議会（www.chintaikanrishi.jp）の試験要項で必ずご確認ください。,合意＝更新契約;法定＝継続;更新料は合意更新;拒絶は正当事由,法定も更新料;合意不要;拒絶自由,「合意＝更新」「法定＝黙示継続」。,合意更新;法定更新;更新料,合意更新とは？,賃貸人と賃借人が更新について合意し、更新料等を支払って新期間を開始する更新です。上限規制があります。合意＝更新契約。法定＝継続。更新料は合意更新。拒絶は正当事由。「合意＝更新」「法定＝黙示継続」。誤りやすいのは「法定も更新料」と捉えることです。,法定更新とは？,更新の合意がなくても、一定の要件のもとで従前の賃貸借が継続する制度です。条文で要件を確認してください。合意＝更新契約。法定＝継続。更新料は合意更新。拒絶は正当事由。「合意＝更新」「法定＝黙示継続」。誤りやすいのは「法定も更新料」と捉えることです。,試験対策のポイントは？,更新・更新拒絶・立退料・法定更新をフローチャート化し、過去問で整理してください。合意＝更新契約。法定＝継続。更新料は合意更新。拒絶は正当事由。「合意＝更新」「法定＝黙示継続」。誤りやすいのは「法定も更新料」と捉えることです。,公式の確認先はどこですか？,借地借家法の更新に関する規定と用語集を参照してください。数値・日程・合格基準は一般社団法人賃貸不動産経営管理士協議会（www.chintaikanrishi.jp）の試験要項で必ずご確認ください。合意＝更新契約。
kanri-gyosha-toroku,賃貸住宅管理業者と管理業登録,賃貸住宅管理業法,管理業者;登録,賃貸住宅管理業の登録制度と、国土交通大臣登録の要件を整理します。,賃貸住宅管理業者;国土交通大臣登録,"[{""axis"": ""登録"", ""cols"": [""国土交通大臣登録"", ""賃管士個人登録とは別""]}, {""axis"": ""業務"", ""cols"": [""管理業務の受託"", ""媒介・サブリースは別規制""]}, {""axis"": ""監督"", ""cols"": [""都道府県知事等"", ""業務管理者選任""]}, {""axis"": ""試験"", ""cols"": [""「登録」"", ""「免許」""]}, {""axis"": ""混同"", ""cols"": [""賃管士登録＝業者登録"", ""登録不要""]}]",管理業者登録と賃管士登録の違い｜賃貸不動産経営管理士,管理業者は事業者登録、賃管士は個人資格登録です。業務管理者選任とセットで三者関係を整理してください。数値・日程・合格基準は一般社団法人賃貸不動産経営管理士協議会（www.chintaikanrishi.jp）の試験要項で必ずご確認ください。,業者＝国土交通大臣登録;個人＝賃管士;業務管理者選任;免許と混同しない,登録不要;賃管士＝業者登録;免許と同一,「業者登録」「個人資格」「選任」。,賃貸住宅管理業者;賃貸住宅管理業者登録;国土交通大臣登録,管理業者登録とは？,賃貸住宅管理業を営む者は国土交通大臣の登録が必要です。登録要件・欠格事由が問われます。業者＝国土交通大臣登録。個人＝賃管士。業務管理者選任。免許と混同しない。「業者登録」「個人資格」「選任」。誤りやすいのは「登録不要」と捉えることです。,賃管士登録との違いは？,賃管士は試験合格後の個人登録、管理業者は事業者としての登録です。業務管理者は管理業者が選任します。業者＝国土交通大臣登録。個人＝賃管士。業務管理者選任。免許と混同しない。「業者登録」「個人資格」「選任」。,試験対策のポイントは？,三者関係図を作成し、登録・選任・受託の正誤を過去問で確認してください。業者＝国土交通大臣登録。個人＝賃管士。業務管理者選任。免許と混同しない。「業者登録」「個人資格」「選任」。誤りやすいのは「登録不要」と捉えることです。,関連する法令はどこですか？,賃貸住宅管理業法の登録・業務管理者の規定を条文で確認してください。業者＝国土交通大臣登録。個人＝賃管士。業務管理者選任。免許と混同しない。「業者登録」「個人資格」「選任」。誤りやすいのは「登録不要」と捉えることです。
shueki-kanri-kaikei,収益管理と会計・税務,管理実務,収益管理;会計,賃貸経営における収益管理と、会計・税務処理の視点の違いを整理します。,収益管理;会計・税務,"[{""axis"": ""目的"", ""cols"": [""入居率・キャッシュフロー"", ""記帳・申告""]}, {""axis"": ""主体"", ""cols"": [""オーナー・AM"", ""税理士・会計基準""]}, {""axis"": ""試験"", ""cols"": [""「管理受託報酬」"", ""「減価償却」""]}, {""axis"": ""管理"", ""cols"": [""PMの日常業務"", ""法人税・消費税""]}, {""axis"": ""混同"", ""cols"": [""管理報酬＝賃料"", ""税務＝管理業法""]}]",収益管理と会計・税務の違い｜賃貸不動産経営管理士,賃管試験では管理実務と会計・税務の用語が出ます。管理報酬の処理とオーナー収益の把握を分けて学習してください。数値・日程・合格基準は一般社団法人賃貸不動産経営管理士協議会（www.chintaikanrishi.jp）の試験要項で必ずご確認ください。,収益＝経営判断;会計＝記帳・申告;管理報酬は契約;税務は別専門,管理報酬＝賃料;税務＝管理業法;同一処理,「現場＝管理」「帳簿＝会計」。,プロパティマネジメント（PM）;管理受託契約;賃貸不動産経営管理士,収益管理とは？,入居率・賃料回収・支出を把握し、オーナーの収益最大化に資する管理です。PM・AMの視点で問われます。収益＝経営判断。会計＝記帳・申告。管理報酬は契約。税務は別専門。「現場＝管理」「帳簿＝会計」。誤りやすいのは「管理報酬＝賃料」と捉えることです。,会計・税務との違いは？,会計・税務は記帳・申告・減価償却等の処理が中心で、管理業法の義務とは別枠です。収益＝経営判断。会計＝記帳・申告。管理報酬は契約。税務は別専門。「現場＝管理」「帳簿＝会計」。誤りやすいのは「管理報酬＝賃料」と捉えることです。,試験対策のポイントは？,会計・税務・保険カテゴリの用語と、管理受託の報酬を表で整理してください。収益＝経営判断。会計＝記帳・申告。管理報酬は契約。税務は別専門。「現場＝管理」「帳簿＝会計」。誤りやすいのは「管理報酬＝賃料」と捉えることです。,公式の確認先はどこですか？,用語集の会計・税務分野と、最新の税制は専門資料で確認してください。収益＝経営判断。会計＝記帳・申告。管理報酬は契約。税務は別専門。「現場＝管理」「帳簿＝会計」。誤りやすいのは「管理報酬＝賃料」と捉えることです。
