slug,title,category,tags,summary,confusion_point,pattern_rows,article_title,article_lead,exam_points,common_mistakes,memory_tip,related_terms,faq_1_question,faq_1_answer,faq_2_question,faq_2_answer,faq_3_question,faq_3_answer,faq_4_question,faq_4_answer
takken-chintai-kongou,宅建と賃管の混同,賃貸住宅管理業法,宅建;賃管,業務範囲を取り違える典型パターンです。,媒介と管理を混同しやすい。,"[{""topic"": ""業務"", ""wrong"": ""賃管で媒介"", ""correct"": ""宅建で媒介・賃管で管理"", ""trap"": ""目的逆""}, {""topic"": ""試験"", ""wrong"": ""同一"", ""correct"": ""別試験"", ""trap"": ""試験誤""}, {""topic"": ""35条"", ""wrong"": ""管理受託に不要"", ""correct"": ""宅建の35条37条"", ""trap"": ""書面誤""}, {""topic"": ""登録"", ""wrong"": ""同一"", ""correct"": ""別登録"", ""trap"": ""登録誤""}, {""topic"": ""問題"", ""wrong"": ""50問同一"", ""correct"": ""別範囲"", ""trap"": ""範囲誤""}]",宅建と賃管の混同｜賃貸不動産経営管理士,宅建は取引、賃管は管理です。35条37条は宅建、管理受託は賃管法の重要事項説明です。業務範囲を取り違える典型パターンです。試験で押さえるべき点は、役割で区別、試験範囲別、書面制度別、登録別。,役割で区別;試験範囲別;書面制度別;登録別,同一資格;賃管で媒介;管理不要,「取引＝宅建」「管理＝賃管」。,賃貸不動産経営管理士;宅地建物取引士,宅建士は何をしますか？,不動産取引の媒介・代理等です。管理受託の主体ではありません。役割で区別。試験範囲別。書面制度別。登録別。「取引＝宅建」「管理＝賃管」。誤りやすいのは「同一資格」と捉えることです。業務範囲を取り違える典型パターンです。,賃管士の主な業務は？,賃貸住宅の管理・経営の専門家です。試験は賃管法中心です。役割で区別。試験範囲別。書面制度別。登録別。「取引＝宅建」「管理＝賃管」。誤りやすいのは「同一資格」と捉えることです。業務範囲を取り違える典型パターンです。,試験対策のポイントは？,比較表を作成し、過去問の主体（誰が何をするか）を確認してください。役割で区別。試験範囲別。書面制度別。登録別。「取引＝宅建」「管理＝賃管」。誤りやすいのは「同一資格」と捉えることです。業務範囲を取り違える典型パターンです。,公式の確認先はどこですか？,両協会の試験要項を参照してください。役割で区別。試験範囲別。書面制度別。登録別。「取引＝宅建」「管理＝賃管」。誤りやすいのは「同一資格」と捉えることです。業務範囲を取り違える典型パターンです。本ページの表・関連用語とあわせ、過去問の正誤肢と照合しながら復習してください。
shikikin-reikin-kongou,敷金と礼金の混同,借地借家法,敷金;礼金,返還・控除を取り違えるパターンです。,礼金を返還すると誤答。,"[{""topic"": ""返還"", ""wrong"": ""礼金返還"", ""correct"": ""礼金は原則不要"", ""trap"": ""返還誤""}, {""topic"": ""控除"", ""wrong"": ""礼金控除"", ""correct"": ""敷金から"", ""trap"": ""控除誤""}, {""topic"": ""上限"", ""wrong"": ""礼金2倍"", ""correct"": ""敷金2倍"", ""trap"": ""上限誤""}, {""topic"": ""明細"", ""wrong"": ""礼金明細"", ""correct"": ""敷金明細"", ""trap"": ""明細誤""}]",敷金と礼金の混同｜賃貸不動産経営管理士,敷金は返還・控除対象、礼金は再交付不要です。明細書は敷金について規制があります。返還・控除を取り違えるパターンです。試験で押さえるべき点は、返還＝敷金、礼金＝報酬、上限・明細、原状回復。,返還＝敷金;礼金＝報酬;上限・明細;原状回復,礼金返還;敷金無制限;明細不要,「返還＝敷金のみ」。,敷金;礼金;敷金明細書,礼金は返還されますか？,原則として返還されません。敷金と性質が異なります。返還＝敷金。礼金＝報酬。上限・明細。原状回復。誤りやすいのは「礼金返還」と捉えることです。返還・控除を取り違えるパターンです。本ページの表・関連用語とあわせ、過去問の正誤肢と照合しながら復習してください。,敷金の控除は？,未払賃料・原状回復費等、合意の範囲で敷金から控除できます。返還＝敷金。礼金＝報酬。上限・明細。誤りやすいのは「礼金返還」と捉えることです。返還・控除を取り違えるパターンです。本ページの表・関連用語とあわせ、過去問の正誤肢と照合しながら復習してください。,試験対策のポイントは？,比較表と数値問題を反復してください。返還＝敷金。礼金＝報酬。上限・明細。原状回復。誤りやすいのは「礼金返還」と捉えることです。返還・控除を取り違えるパターンです。本ページの表・関連用語とあわせ、過去問の正誤肢と照合しながら復習してください。,原状回復は？,原状回復ガイドラインとセットで学習してください。返還＝敷金。礼金＝報酬。上限・明細。誤りやすいのは「礼金返還」と捉えることです。返還・控除を取り違えるパターンです。本ページの表・関連用語とあわせ、過去問の正誤肢と照合しながら復習してください。
koushin-tatekae-kongou,更新料と立退料の混同,借地借家法,更新料;立退料,支払要件を混同するパターンです。,更新料＝立退料と短絡。,"[{""topic"": ""要件"", ""wrong"": ""立退料で更新"", ""correct"": ""更新料は合意"", ""trap"": ""要件誤""}, {""topic"": ""上限"", ""wrong"": ""立退料1ヶ月"", ""correct"": ""更新料1ヶ月"", ""trap"": ""制度混同""}, {""topic"": ""拒絶"", ""wrong"": ""更新料で拒絶"", ""correct"": ""正当事由は立退料"", ""trap"": ""拒絶誤""}, {""topic"": ""算定"", ""wrong"": ""同一"", ""correct"": ""別算定"", ""trap"": ""算定誤""}]",更新料と立退料の混同｜賃貸不動産経営管理士,更新料は更新時の対価、立退料は更新拒絶・立退時の補償です。正当事由は立退料側が重要です。支払要件を混同するパターンです。試験で押さえるべき点は、更新料＝更新時、立退料＝拒絶時、正当事由、上限1ヶ月。,更新料＝更新時;立退料＝拒絶時;正当事由;上限1ヶ月,同一制度と誤解;理由不要と誤解;無上限と誤解,「更新＝料」「拒絶＝立退料」。,更新料;立退料;借地借家法,更新料とは？,賃貸借更新時に賃借人が支払う対価で、上限があります。更新料＝更新時。立退料＝拒絶時。正当事由。上限1ヶ月。「更新＝料」「拒絶＝立退料」。誤りやすいのは「同一制度と誤解」と捉えることです。支払要件を混同するパターンです。,立退料とは？,正当事由による更新拒絶で立退く場合の補償です。更新料＝更新時。立退料＝拒絶時。上限1ヶ月。「更新＝料」「拒絶＝立退料」。誤りやすいのは「同一制度と誤解」と捉えることです。支払要件を混同するパターンです。,試験対策のポイントは？,フローチャートで整理し、過去問を解いてください。更新料＝更新時。立退料＝拒絶時。正当事由。上限1ヶ月。「更新＝料」「拒絶＝立退料」。誤りやすいのは「同一制度と誤解」と捉えることです。支払要件を混同するパターンです。,公式の確認先はどこですか？,借地借家法を参照してください。更新料＝更新時。立退料＝拒絶時。正当事由。上限1ヶ月。「更新＝料」「拒絶＝立退料」。誤りやすいのは「同一制度と誤解」と捉えることです。支払要件を混同するパターンです。本ページの表・関連用語とあわせ、過去問の正誤肢と照合しながら復習してください。
gomenjo-kongou,5問免除の誤解,賃貸住宅管理業法,5問免除,合格確定・基準同一と誤解。,免除＝楽に合格。,"[{""topic"": ""基準"", ""wrong"": ""同一38点"", ""correct"": ""別基準33点例"", ""trap"": ""基準誤""}, {""topic"": ""問題"", ""wrong"": ""50問"", ""correct"": ""45問"", ""trap"": ""問数誤""}, {""topic"": ""講習"", ""wrong"": ""不要"", ""correct"": ""修了必要"", ""trap"": ""講習誤""}, {""topic"": ""合格"", ""wrong"": ""確定"", ""correct"": ""相対評価"", ""trap"": ""合格誤""}]",5問免除の誤解｜賃貸不動産経営管理士,5問免除は問題数減のみ。合格基準点は別途発表され、相対評価です。講習受講が前提です。合格確定・基準同一と誤解。試験で押さえるべき点は、45問・別基準、講習必須、相対評価、統計確認。,45問・別基準;講習必須;相対評価;統計確認,免除＝必過;50問同一;講習不要,「45・別基準・講習」。,賃貸不動産経営管理士登録制度;賃貸不動産経営管理士,5問免除で合格点は？,年度ごとに発表されます。一般受験者と異なる場合があります。数値・日程・合格基準は一般社団法人賃貸不動産経営管理士協議会（www.chintaikanrishi.jp）の試験要項で必ずご確認ください。45問・別基準。,5問免除後の問題数は？,45問です。50問ではありません。45問・別基準。講習必須。相対評価。統計確認。「45・別基準・講習」。誤りやすいのは「免除＝必過」と捉えることです。合格確定・基準同一と誤解。本ページの表・関連用語とあわせ、過去問の正誤肢と照合しながら復習してください。,試験対策のポイントは？,統計表で一般・免除の基準点を比較してください。45問・別基準。講習必須。相対評価。統計確認。「45・別基準・講習」。誤りやすいのは「免除＝必過」と捉えることです。合格確定・基準同一と誤解。本ページの表・関連用語とあわせ、過去問の正誤肢と照合しながら復習してください。,公式の確認先はどこですか？,協議会の試験統計を参照してください。45問・別基準。講習必須。相対評価。統計確認。「45・別基準・講習」。誤りやすいのは「免除＝必過」と捉えることです。合格確定・基準同一と誤解。本ページの表・関連用語とあわせ、過去問の正誤肢と照合しながら復習してください。
sublease-uketsuke-kongou,サブリースと受託の混同,管理実務,サブリース;受託,契約類型を同一視する誤り。,リスク配分を無視。,"[{""topic"": ""構造"", ""wrong"": ""同一"", ""correct"": ""借上転貸vs委託"", ""trap"": ""構造誤""}, {""topic"": ""リスク"", ""wrong"": ""受託で空室"", ""correct"": ""サブリースで空室配分"", ""trap"": ""リスク誤""}, {""topic"": ""書面"", ""wrong"": ""不要"", ""correct"": ""重要事項説明"", ""trap"": ""書面誤""}, {""topic"": ""判例"", ""wrong"": ""不要"", ""correct"": ""ガイドライン"", ""trap"": ""判例誤""}]",サブリースと受託の混同｜賃貸不動産経営管理士,サブリースは一括借上げ・再賃貸、管理受託は委託です。ガイドライン・判例・書面義務が異なります。契約類型を同一視する誤り。試験で押さえるべき点は、類型を区別、リスク、書面、ガイドライン。,類型を区別;リスク;書面;ガイドライン,同一と誤解;リスク無視;口頭のみで可と誤解,「借上＝サブ」「委託＝受託」。,サブリーススキーム;管理受託契約;サブリースガイドライン,サブリースとは？,一括借上げして区分転貸するスキームです。類型を区別。リスク。書面。ガイドライン。「借上＝サブ」「委託＝受託」。誤りやすいのは「同一と誤解」と捉えることです。契約類型を同一視する誤り。本ページの表・関連用語とあわせ、過去問の正誤肢と照合しながら復習してください。,管理受託とは？,オーナーから管理業務を受託する契約です。類型を区別。リスク。書面。ガイドライン。「借上＝サブ」「委託＝受託」。誤りやすいのは「同一と誤解」と捉えることです。契約類型を同一視する誤り。本ページの表・関連用語とあわせ、過去問の正誤肢と照合しながら復習してください。,試験対策のポイントは？,類型・リスク・書面の表を作成してください。類型を区別。ガイドライン。「借上＝サブ」「委託＝受託」。誤りやすいのは「同一と誤解」と捉えることです。契約類型を同一視する誤り。本ページの表・関連用語とあわせ、過去問の正誤肢と照合しながら復習してください。,関連判例はどこで学習しますか？,サブリース判例の用語を確認してください。類型を区別。リスク。書面。ガイドライン。「借上＝サブ」「委託＝受託」。誤りやすいのは「同一と誤解」と捉えることです。契約類型を同一視する誤り。本ページの表・関連用語とあわせ、過去問の正誤肢と照合しながら復習してください。
genjo-shuzen-kongou,原状回復と修繕の混同,管理実務,原状回復;修繕,負担主体を逆にする誤り。,すべて借主負担。,"[{""topic"": ""原状"", ""wrong"": ""貸主"", ""correct"": ""借主（通常損耗除く）"", ""trap"": ""負担誤""}, {""topic"": ""修繕"", ""wrong"": ""借主のみ"", ""correct"": ""貸主構造"", ""trap"": ""修繕誤""}, {""topic"": ""通常損耗"", ""wrong"": ""借主"", ""correct"": ""貸主"", ""trap"": ""損耗誤""}, {""topic"": ""敷金"", ""wrong"": ""修繕費"", ""correct"": ""原状回復控除"", ""trap"": ""敷金誤""}]",原状回復と修繕の混同｜賃貸不動産経営管理士,通常損耗は貸主、原状回復は借主、期間中修繕は分担です。ガイドラインを必ず確認してください。負担主体を逆にする誤り。試験で押さえるべき点は、通常損耗＝貸主、原状回復、修繕分担、敷金控除。,通常損耗＝貸主;原状回復;修繕分担;敷金控除,すべて借主;ガイドライン無視;修繕不要,「期間＝修繕・退去＝原状」。,原状回復;原状回復ガイドライン;貸主の修繕義務,通常損耗は？,経年劣化等で、原則貸主負担です。通常損耗＝貸主。原状回復。修繕分担。敷金控除。「期間＝修繕・退去＝原状」。誤りやすいのは「すべて借主」と捉えることです。負担主体を逆にする誤り。本ページの表・関連用語とあわせ、過去問の正誤肢と照合しながら復習してください。,原状回復は？,退去時、借主が原状回復します（通常損耗除く）。通常損耗＝貸主。修繕分担。敷金控除。「期間＝修繕・退去＝原状」。誤りやすいのは「すべて借主」と捉えることです。負担主体を逆にする誤り。本ページの表・関連用語とあわせ、過去問の正誤肢と照合しながら復習してください。,試験対策のポイントは？,ガイドライン条文と過去問を照合してください。通常損耗＝貸主。原状回復。修繕分担。敷金控除。「期間＝修繕・退去＝原状」。誤りやすいのは「すべて借主」と捉えることです。負担主体を逆にする誤り。本ページの表・関連用語とあわせ、過去問の正誤肢と照合しながら復習してください。,トラブル事例の確認は？,原状回復トラブル用語も参照してください。通常損耗＝貸主。修繕分担。敷金控除。「期間＝修繕・退去＝原状」。誤りやすいのは「すべて借主」と捉えることです。負担主体を逆にする誤り。本ページの表・関連用語とあわせ、過去問の正誤肢と照合しながら復習してください。
shiken-40-50-kongou,40問と50問の混同,賃貸住宅管理業法,問題数,国家資格化前後の問数を混同。,40問時代の基準点を現在に適用。,"[{""topic"": ""問数"", ""wrong"": ""40問"", ""correct"": ""50問（R2〜）"", ""trap"": ""問数誤""}, {""topic"": ""基準"", ""wrong"": ""29点40問"", ""correct"": ""38点50問例"", ""trap"": ""基準誤""}, {""topic"": ""時間"", ""wrong"": ""同一"", ""correct"": ""2時間"", ""trap"": ""時間注意""}, {""topic"": ""難易"", ""wrong"": ""易い"", ""correct"": ""相対評価"", ""trap"": ""難易誤""}]",40問と50問の混同｜賃貸不動産経営管理士,令和2年度以降は50問です。合格基準点も年度・問数で変動します。統計表で整理してください。国家資格化前後の問数を混同。試験で押さえるべき点は、現在50問、R2から変更、基準点年度別、相対評価。,現在50問;R2から変更;基準点年度別;相対評価,40問現在;基準点固定;易しい,「R2以降50問」。,賃貸不動産経営管理士;賃貸不動産経営管理士協議会,現在の問題数は？,50問です。40問は令和元年度以前です。現在50問。R2から変更。基準点年度別。相対評価。「R2以降50問」。誤りやすいのは「40問現在」と捉えることです。国家資格化前後の問数を混同。本ページの表・関連用語とあわせ、過去問の正誤肢と照合しながら復習してください。,合格基準点の目安は？,年度ごとに発表。50問時代は38点前後の例があります。数値・日程・合格基準は一般社団法人賃貸不動産経営管理士協議会（www.chintaikanrishi.jp）の試験要項で必ずご確認ください。現在50問。,試験対策のポイントは？,年度別統計をグラフ化してください。現在50問。R2から変更。基準点年度別。相対評価。「R2以降50問」。誤りやすいのは「40問現在」と捉えることです。国家資格化前後の問数を混同。本ページの表・関連用語とあわせ、過去問の正誤肢と照合しながら復習してください。,公式の確認先はどこですか？,協議会の統計ページを参照してください。現在50問。R2から変更。基準点年度別。相対評価。「R2以降50問」。誤りやすいのは「40問現在」と捉えることです。国家資格化前後の問数を混同。本ページの表・関連用語とあわせ、過去問の正誤肢と照合しながら復習してください。
pm-am-kongou,PMとAMの混同,賃貸経営・PM/AM,PM;AM,日常管理と資産戦略を逆にする。,AMが入居対応。,"[{""topic"": ""日常"", ""wrong"": ""AM"", ""correct"": ""PM"", ""trap"": ""日常誤""}, {""topic"": ""戦略"", ""wrong"": ""PM"", ""correct"": ""AM"", ""trap"": ""戦略誤""}, {""topic"": ""期間"", ""wrong"": ""同一"", ""correct"": ""PM短期AM長期"", ""trap"": ""期間誤""}, {""topic"": ""サブリース"", ""wrong"": ""PM"", ""correct"": ""別スキーム"", ""trap"": ""スキーム誤""}]",PMとAMの混同｜賃貸不動産経営管理士,PMは運営、AMはポートフォリオ戦略です。サブリース・マスターリースは別枠で整理してください。日常管理と資産戦略を逆にする。試験で押さえるべき点は、PM＝現場、AM＝戦略、サブリース別、用語定義。,PM＝現場;AM＝戦略;サブリース別;用語定義,PM=AM;AM入居対応;戦略不要,「現場PM・戦略AM」。,プロパティマネジメント（PM）;アセットマネジメント（AM）,PMの業務は？,入居・修繕・募集等の日常管理です。PM＝現場。AM＝戦略。サブリース別。用語定義。「現場PM・戦略AM」。誤りやすいのは「PM=AM」と捉えることです。日常管理と資産戦略を逆にする。本ページの表・関連用語とあわせ、過去問の正誤肢と照合しながら復習してください。,AMの業務は？,売却・取得・収益最大化等の資産戦略です。PM＝現場。AM＝戦略。サブリース別。用語定義。「現場PM・戦略AM」。誤りやすいのは「PM=AM」と捉えることです。日常管理と資産戦略を逆にする。本ページの表・関連用語とあわせ、過去問の正誤肢と照合しながら復習してください。,試験対策のポイントは？,定義問題を反復してください。PM＝現場。AM＝戦略。サブリース別。用語定義。「現場PM・戦略AM」。誤りやすいのは「PM=AM」と捉えることです。日常管理と資産戦略を逆にする。本ページの表・関連用語とあわせ、過去問の正誤肢と照合しながら復習してください。,関連用語はどれですか？,マスターリースを確認してください。PM＝現場。AM＝戦略。サブリース別。用語定義。「現場PM・戦略AM」。誤りやすいのは「PM=AM」と捉えることです。日常管理と資産戦略を逆にする。本ページの表・関連用語とあわせ、過去問の正誤肢と照合しながら復習してください。
gyomu-touroku-kongou,業務管理者と登録の混同,賃貸住宅管理業法,業務管理者;登録,選任と資格登録を混同。,試験不要で業務管理者。,"[{""topic"": ""資格"", ""wrong"": ""不要"", ""correct"": ""賃管士登録"", ""trap"": ""資格誤""}, {""topic"": ""選任"", ""wrong"": ""自動"", ""correct"": ""業者が選任"", ""trap"": ""選任誤""}, {""topic"": ""登録"", ""wrong"": ""業者のみ"", ""correct"": ""個人も登録"", ""trap"": ""登録誤""}, {""topic"": ""試験"", ""wrong"": ""不要"", ""correct"": ""50問"", ""trap"": ""試験誤""}]",業務管理者と登録の混同｜賃貸不動産経営管理士,賃管士は試験・登録、業務管理者は管理業者が選任、管理業者は国土交通大臣登録です。選任と資格登録を混同。試験で押さえるべき点は、個人登録、業者登録、業務管理者選任、試験合格。,個人登録;業者登録;業務管理者選任;試験合格,登録不要と誤解;自動選任と誤解;試験不要と誤解,「試験→登録→選任」。,業務管理者;賃貸不動産経営管理士;国土交通大臣登録,業務管理者の要件は？,賃管士登録者等、管理業者が選任します。個人登録。業者登録。業務管理者選任。試験合格。「試験→登録→選任」。誤りやすいのは「登録不要と誤解」と捉えることです。選任と資格登録を混同。本ページの表・関連用語とあわせ、過去問の正誤肢と照合しながら復習してください。,管理業者登録は？,国土交通大臣登録が必要です。個人登録。業者登録。業務管理者選任。試験合格。「試験→登録→選任」。誤りやすいのは「登録不要と誤解」と捉えることです。選任と資格登録を混同。本ページの表・関連用語とあわせ、過去問の正誤肢と照合しながら復習してください。,試験対策のポイントは？,三者関係図を描いてください。個人登録。業者登録。業務管理者選任。試験合格。「試験→登録→選任」。誤りやすいのは「登録不要と誤解」と捉えることです。選任と資格登録を混同。本ページの表・関連用語とあわせ、過去問の正誤肢と照合しながら復習してください。,公式の確認先はどこですか？,賃貸住宅管理業法を参照してください。個人登録。業者登録。業務管理者選任。試験合格。「試験→登録→選任」。誤りやすいのは「登録不要と誤解」と捉えることです。選任と資格登録を混同。本ページの表・関連用語とあわせ、過去問の正誤肢と照合しながら復習してください。
soutai-hyoka-kongou,相対評価の誤解,賃貸住宅管理業法,合格基準,固定合格点と思い込む。,70%暗記で足りる。,"[{""topic"": ""基準"", ""wrong"": ""固定38"", ""correct"": ""年度変動"", ""trap"": ""基準誤""}, {""topic"": ""率"", ""wrong"": ""70%固定"", ""correct"": ""相対で変動"", ""trap"": ""率誤""}, {""topic"": ""免除"", ""wrong"": ""同一"", ""correct"": ""別基準"", ""trap"": ""免除誤""}, {""topic"": ""対策"", ""wrong"": ""29点"", ""correct"": ""40点目標"", ""trap"": ""対策誤""}]",相対評価の誤解｜賃貸不動産経営管理士,合格基準点は試験の難易度で変動します。過去統計は参考であり、当年は要項発表を確認してください。数値・日程・合格基準は一般社団法人賃貸不動産経営管理士協議会（www.chintaikanrishi.jp）の試験要項で必ずご確認ください。,相対評価;年度別発表;統計参考;高得点目標,固定38点;70%で必過;統計不要,「相対・当年発表」。,賃貸不動産経営管理士;賃貸不動産経営管理士協議会,合格点は固定ですか？,試験ごとに相対評価で決まります。年度で変動します。数値・日程・合格基準は一般社団法人賃貸不動産経営管理士協議会（www.chintaikanrishi.jp）の試験要項で必ずご確認ください。年度別発表。,目標得点は？,統計より高め（例：40点/50）を目標にするのが安全です。相対評価。年度別発表。統計参考。高得点目標。「相対・当年発表」。誤りやすいのは「固定38点」と捉えることです。固定合格点と思い込む。本ページの表・関連用語とあわせ、過去問の正誤肢と照合しながら復習してください。,試験対策のポイントは？,過去10年の基準点推移表を作成してください。相対評価。年度別発表。統計参考。高得点目標。「相対・当年発表」。誤りやすいのは「固定38点」と捉えることです。固定合格点と思い込む。本ページの表・関連用語とあわせ、過去問の正誤肢と照合しながら復習してください。,公式の確認先はどこですか？,協議会の統計を参照してください。相対評価。年度別発表。統計参考。高得点目標。「相対・当年発表」。誤りやすいのは「固定38点」と捉えることです。固定合格点と思い込む。本ページの表・関連用語とあわせ、過去問の正誤肢と照合しながら復習してください。
it-kucho-only-kon,IT重説と口頭のみの混同,賃貸住宅管理業法,IT重説;重要事項説明,IT重説を口頭説明のみで済ませると誤解するパターンです。,双方向・承諾・書面を省略する誤り。,"[{""topic"": ""方式"", ""wrong"": ""口頭のみでIT重説"", ""correct"": ""双方向映像・音声が要件"", ""trap"": ""方式誤""}, {""topic"": ""承諾"", ""wrong"": ""承諾不要"", ""correct"": ""相手方承諾必要"", ""trap"": ""承諾誤""}, {""topic"": ""書面"", ""wrong"": ""書面不要"", ""correct"": ""事前書面交付"", ""trap"": ""書面誤""}, {""topic"": ""記録"", ""wrong"": ""記録不要"", ""correct"": ""説明内容の確認"", ""trap"": ""記録誤""}]",IT重説と口頭のみの混同｜賃貸不動産経営管理士,IT重説はオンラインでも双方向性・承諾・書面が要件です。口頭のみや一方的な動画配信では足りない肢が定番です。数値・日程・合格基準は一般社団法人賃貸不動産経営管理士協議会（www.chintaikanrishi.jp）の試験要項で必ずご確認ください。,双方向必須;承諾・書面;記録;賃管・宅建の類型,口頭のみ可;承諾不要;ITなら書面不要,「双方向・承諾・書面」。,IT重説;管理受託契約重要事項説明;特定賃貸借契約重要事項説明,IT重説で口頭だけでよいですか？,いいえ。双方向の映像・音声装置の使用、事前書面、相手方の承諾等が要件です。双方向必須。承諾・書面。記録。賃管・宅建の類型。誤りやすいのは「口頭のみ可」と捉えることです。IT重説を口頭説明のみで済ませると誤解するパターンです。,試験の引っかけは？,「オンラインなら説明済み」「承諾不要」などの肢に注意してください。双方向必須。承諾・書面。記録。賃管・宅建の類型。誤りやすいのは「口頭のみ可」と捉えることです。IT重説を口頭説明のみで済ませると誤解するパターンです。,試験対策のポイントは？,IT重説と対面説明の比較表を作成し、過去問を解いてください。双方向必須。承諾・書面。記録。賃管・宅建の類型。誤りやすいのは「口頭のみ可」と捉えることです。IT重説を口頭説明のみで済ませると誤解するパターンです。,公式の確認先はどこですか？,関連法令と協議会ガイドラインを参照してください。数値・日程・合格基準は一般社団法人賃貸不動産経営管理士協議会（www.chintaikanrishi.jp）の試験要項で必ずご確認ください。双方向必須。
ikkatsu-saiitaku-ok-kon,一括再委託を可能とする誤り,賃貸住宅管理業法,一括再委託,管理業務の全部を第三者に委ねてもよいと誤解するパターンです。,再委託＝自由と短絡する誤り。,"[{""topic"": ""一括"", ""wrong"": ""全部再委託可"", ""correct"": ""一括再委託禁止"", ""trap"": ""一括誤""}, {""topic"": ""責任"", ""wrong"": ""免責"", ""correct"": ""管理業者の責任"", ""trap"": ""責任誤""}, {""topic"": ""個別"", ""wrong"": ""個別も禁止"", ""correct"": ""個別は限定可"", ""trap"": ""個別誤""}, {""topic"": ""監督"", ""wrong"": ""監督不要"", ""correct"": ""再委託先監督"", ""trap"": ""監督誤""}]",一括再委託可能の誤解｜賃貸不動産経営管理士,賃貸住宅管理業法は一括再委託を禁止し、管理の実効性を確保します。個別の再委託との区別が試験頻出です。数値・日程・合格基準は一般社団法人賃貸不動産経営管理士協議会（www.chintaikanrishi.jp）の試験要項で必ずご確認ください。,一括禁止;管理業者責任;個別は限定;監督義務,再委託自由と誤解しやすい;一括可と誤解しやすい;責任移転と誤解しやすい,「一括＝禁止」。（暗記用）,管理業務の一括再委託の禁止;管理事務の再委託;賃貸住宅管理業,一括再委託はできますか？,原則として、受託した管理業務の全部を第三者に再委託することはできません。一括禁止。管理業者責任。個別は限定。監督義務。「一括＝禁止」。誤りやすいのは「再委託自由」と捉えることです。管理業務の全部を第三者に委ねてもよいと誤解するパターンです。,個別の再委託の範囲は？,一定の範囲で認められる場合があります。条文で確認してください。一括禁止。管理業者責任。個別は限定。監督義務。「一括＝禁止」。誤りやすいのは「再委託自由」と捉えることです。管理業務の全部を第三者に委ねてもよいと誤解するパターンです。,試験対策のポイントは？,一括と個別を表で比較し、正誤肢を反復してください。一括禁止。管理業者責任。個別は限定。監督義務。「一括＝禁止」。誤りやすいのは「再委託自由」と捉えることです。管理業務の全部を第三者に委ねてもよいと誤解するパターンです。,公式の確認先はどこですか？,賃貸住宅管理業法2条・管理業務の定義を参照してください。一括禁止。管理業者責任。個別は限定。監督義務。「一括＝禁止」。誤りやすいのは「再委託自由」と捉えることです。管理業務の全部を第三者に委ねてもよいと誤解するパターンです。
tokutei-uketsuke-kon,特定賃貸借と管理受託の混同,賃貸住宅管理業法,特定賃貸借;管理受託,サブリースの特定賃貸借規制と管理受託を同一視する誤り。,転貸と委託の規制を混同。,"[{""topic"": ""規制"", ""wrong"": ""同一"", ""correct"": ""特定＝サブリース・受託＝賃管法"", ""trap"": ""規制誤""}, {""topic"": ""主体"", ""wrong"": ""管理業者＝転貸人"", ""correct"": ""スキームで異なる"", ""trap"": ""主体誤""}, {""topic"": ""書面"", ""wrong"": ""37条書面"", ""correct"": ""それぞれの書面制度"", ""trap"": ""書面誤""}, {""topic"": ""重説"", ""wrong"": ""不要"", ""correct"": ""重要事項説明必要"", ""trap"": ""重説誤""}]",特定賃貸借と管理受託の混同｜賃貸不動産経営管理士,特定賃貸借はサブリースの転貸部分、管理受託はオーナーからの委託です。適用される法令と書面が異なります。数値・日程・合格基準は一般社団法人賃貸不動産経営管理士協議会（www.chintaikanrishi.jp）の試験要項で必ずご確認ください。,法令が異なる;書面制度別;主体別;サブリース図,同一規制;重説不要;37条で足りる,「転貸＝特定」「委託＝受託」。,特定賃貸借契約;管理受託契約;サブリーススキーム,規制の違いは？,特定賃貸借はサブリース関連規制、管理受託は賃貸住宅管理業法が中心です。法令が異なる。書面制度別。主体別。サブリース図。「転貸＝特定」「委託＝受託」。誤りやすいのは「同一規制」と捉えることです。サブリースの特定賃貸借規制と管理受託を同一視する誤り。,書面について教えてください,それぞれに書面交付・重要事項説明の要件があります。取り違えに注意してください。法令が異なる。書面制度別。主体別。サブリース図。「転貸＝特定」「委託＝受託」。誤りやすいのは「同一規制」と捉えることです。,試験対策のポイントは？,スキーム図で三者の契約を整理してください。法令が異なる。書面制度別。主体別。サブリース図。「転貸＝特定」「委託＝受託」。誤りやすいのは「同一規制」と捉えることです。サブリースの特定賃貸借規制と管理受託を同一視する誤り。,ガイドラインの確認先は？,サブリースガイドラインと管理受託の標準契約を参照してください。法令が異なる。書面制度別。主体別。サブリース図。「転貸＝特定」「委託＝受託」。誤りやすいのは「同一規制」と捉えることです。サブリースの特定賃貸借規制と管理受託を同一視する誤り。
teiki-koushin-kon,定期借家と更新申入の混同,借地借家法,定期借家;更新,定期建物賃貸借に更新申入・法定更新を適用する誤り。,普通借家の制度を定期に当てはめる誤り。,"[{""topic"": ""更新"", ""wrong"": ""定期も更新申入"", ""correct"": ""定期は満了終了"", ""trap"": ""更新誤""}, {""topic"": ""申入"", ""wrong"": ""6ヶ月前"", ""correct"": ""普通借家の制度"", ""trap"": ""申入誤""}, {""topic"": ""再契約"", ""wrong"": ""自動更新"", ""correct"": ""新合意が必要"", ""trap"": ""再契約誤""}, {""topic"": ""正当事由"", ""wrong"": ""定期拒絶"", ""correct"": ""普通借家側"", ""trap"": ""事由誤""}]",定期借家と更新の混同｜賃貸不動産経営管理士,定期建物賃貸借は期間満了で終了し、普通借家の更新申入制度は原則適用されません。混同が頻出します。数値・日程・合格基準は一般社団法人賃貸不動産経営管理士協議会（www.chintaikanrishi.jp）の試験要項で必ずご確認ください。,定期＝満了;普通＝更新;再契約は別;正当事由は普通側,定期も更新;申入不要;自動継続,「定期＝満了終了」。,定期建物賃貸借契約;借地借家法;合意更新,定期借家に更新申入はありますか？,定期建物賃貸借は期間満了により終了する制度で、普通借家の更新申入とは異なります。定期＝満了。普通＝更新。再契約は別。正当事由は普通側。誤りやすいのは「定期も更新」と捉えることです。定期建物賃貸借に更新申入・法定更新を適用する誤り。,普通借家との違いは？,普通借家は更新があり、更新申入期間・正当事由が問題になります。定期＝満了。普通＝更新。再契約は別。正当事由は普通側。誤りやすいのは「定期も更新」と捉えることです。定期建物賃貸借に更新申入・法定更新を適用する誤り。,試験対策のポイントは？,定期・普通・短期の表を作成してください。定期＝満了。普通＝更新。再契約は別。正当事由は普通側。誤りやすいのは「定期も更新」と捉えることです。定期建物賃貸借に更新申入・法定更新を適用する誤り。本ページの表・関連用語とあわせ、過去問の正誤肢と照合しながら復習してください。,公式の確認先はどこですか？,借地借家法を参照してください。数値・日程・合格基準は一般社団法人賃貸不動産経営管理士協議会（www.chintaikanrishi.jp）の試験要項で必ずご確認ください。定期＝満了。普通＝更新。再契約は別。
sai-itaku-jinin-kon,再委託と委任の混同,民法,再委託;委任,管理事務の再委託と民法上の委任を混同する誤り。,用語の類似から義務を取り違える。,"[{""topic"": ""責任"", ""wrong"": ""委任で免責"", ""correct"": ""管理業者は責任"", ""trap"": ""責任誤""}, {""topic"": ""一括"", ""wrong"": ""委任なら可"", ""correct"": ""一括再委託禁止"", ""trap"": ""一括誤""}, {""topic"": ""報酬"", ""wrong"": ""同一"", ""correct"": ""管理報酬は受託契約"", ""trap"": ""報酬誤""}, {""topic"": ""監督"", ""wrong"": ""不要"", ""correct"": ""監督義務"", ""trap"": ""監督誤""}]",再委託と委任の混同｜賃貸不動産経営管理士,賃貸住宅管理業法上の再委託は管理業務の実効性に関する規制です。民法委任の一般論だけで答えないことが重要です。数値・日程・合格基準は一般社団法人賃貸不動産経営管理士協議会（www.chintaikanrishi.jp）の試験要項で必ずご確認ください。,賃管法の特則;一括禁止;管理業者責任;委任とは別,委任で免責と誤解しやすい;再委託自由と誤解しやすい,「賃管法の再委託特則」。,管理事務の再委託;管理業務の一括再委託の禁止;賃貸住宅管理業,再委託と委任の違いは？,管理業法は委託契約に加え、再委託・一括再委託について特別な規制を設けています。賃管法の特則。一括禁止。管理業者責任。委任とは別。「賃管法の再委託特則」。誤りやすいのは「委任で免責」と捉えることです。管理事務の再委託と民法上の委任を混同する誤り。,試験対策のポイントは？,民法委任と賃管法の管理業務を条文で対比してください。賃管法の特則。一括禁止。管理業者責任。委任とは別。「賃管法の再委託特則」。誤りやすいのは「委任で免責」と捉えることです。管理事務の再委託と民法上の委任を混同する誤り。,一括再委託の可否は？,原則禁止です。個別再委託との区別も確認してください。賃管法の特則。一括禁止。管理業者責任。委任とは別。「賃管法の再委託特則」。誤りやすいのは「委任で免責」と捉えることです。管理事務の再委託と民法上の委任を混同する誤り。,公式の確認先はどこですか？,賃貸住宅管理業法と用語集を参照してください。賃管法の特則。一括禁止。管理業者責任。委任とは別。「賃管法の再委託特則」。誤りやすいのは「委任で免責」と捉えることです。管理事務の再委託と民法上の委任を混同する誤り。
hosho-shikikin-henkan-kon,保証金返還と敷金返還の混同,管理実務,保証金;敷金,家賃保証と敷金の返還ルールを同一視する誤り。,返還・控除の対象を混同。,"[{""topic"": ""返還"", ""wrong"": ""保証金も1ヶ月"", ""correct"": ""敷金の返還規制"", ""trap"": ""返還誤""}, {""topic"": ""利息"", ""wrong"": ""保証料利息"", ""correct"": ""敷金利息3%"", ""trap"": ""利息誤""}, {""topic"": ""控除"", ""wrong"": ""保証から控除"", ""correct"": ""契約による"", ""trap"": ""控除誤""}, {""topic"": ""登録"", ""wrong"": ""不要"", ""correct"": ""家賃保証は登録制"", ""trap"": ""登録誤""}]",保証金と敷金返還の混同｜賃貸不動産経営管理士,敷金は借地借家法の返還・利息・明細が問題になり、家賃保証は別の契約関係です。返還ルールを取り違えないでください。数値・日程・合格基準は一般社団法人賃貸不動産経営管理士協議会（www.chintaikanrishi.jp）の試験要項で必ずご確認ください。,敷金＝預り金規制;保証＝債務保証;明細書;登録制度,同一返還と誤解しやすい;利息同一と誤解しやすい;登録不要と誤解しやすい,「敷金＝1ヶ月・3%」。,敷金;家賃債務保証;敷金明細書,敷金返還の目安は？,契約終了後、明細に基づきおおむね1ヶ月以内の返還等が問題になります。利息・控除も確認してください。敷金＝預り金規制。保証＝債務保証。明細書。登録制度。「敷金＝1ヶ月・3%」。誤りやすいのは「同一返還」と捉えることです。,家賃保証とは？,第三者が家賃債務を保証する制度で、敷金とは性質が異なります。敷金＝預り金規制。保証＝債務保証。明細書。登録制度。「敷金＝1ヶ月・3%」。誤りやすいのは「同一返還」と捉えることです。家賃保証と敷金の返還ルールを同一視する誤り。,試験対策のポイントは？,敷金・礼金・保証の比較表を作成してください。敷金＝預り金規制。保証＝債務保証。明細書。登録制度。「敷金＝1ヶ月・3%」。誤りやすいのは「同一返還」と捉えることです。家賃保証と敷金の返還ルールを同一視する誤り。,公式の確認先はどこですか？,借地借家法と家賃債務保証の用語を参照してください。敷金＝預り金規制。保証＝債務保証。明細書。登録制度。「敷金＝1ヶ月・3%」。誤りやすいのは「同一返還」と捉えることです。家賃保証と敷金の返還ルールを同一視する誤り。
kanri-gyosha-kashinushi-kon,管理業者を貸主とする誤り,賃貸住宅管理業法,管理業者;貸主,管理受託の管理業者を賃貸借の貸主とする誤り。,入居者契約の主体を取り違える。,"[{""topic"": ""貸主"", ""wrong"": ""管理業者"", ""correct"": ""オーナーが貸主"", ""trap"": ""主体誤""}, {""topic"": ""受託"", ""wrong"": ""賃貸借"", ""correct"": ""委託と使用収益"", ""trap"": ""類型誤""}, {""topic"": ""敷金"", ""wrong"": ""管理業者が預かる"", ""correct"": ""貸主が預かる"", ""trap"": ""敷金誤""}, {""topic"": ""重説"", ""wrong"": ""37条のみ"", ""correct"": ""受託の重説"", ""trap"": ""重説誤""}]",管理業者＝貸主の誤解｜賃貸不動産経営管理士,賃貸借の貸主は原則オーナー、管理業者は受託者です。入居者との契約・敷金・重説の主体を図示で整理してください。数値・日程・合格基準は一般社団法人賃貸不動産経営管理士協議会（www.chintaikanrishi.jp）の試験要項で必ずご確認ください。,貸主＝オーナー;管理業者＝受託;入居者＝借主;書面別,管理業者＝貸主;敷金は管理業者;受託不要,「オーナー＝貸主」。,管理受託契約;賃貸借;賃貸住宅管理業者,賃貸借の貸主は誰ですか？,原則として物件の所有者等が貸主となり、入居者が借主です。貸主＝オーナー。管理業者＝受託。入居者＝借主。書面別。「オーナー＝貸主」。誤りやすいのは「管理業者＝貸主」と捉えることです。管理受託の管理業者を賃貸借の貸主とする誤り。,管理業者の立場は？,オーナーから管理を受託する者で、賃貸借の当事者ではありません（代理等は別問題）。貸主＝オーナー。管理業者＝受託。入居者＝借主。書面別。「オーナー＝貸主」。誤りやすいのは「管理業者＝貸主」と捉えることです。,試験対策のポイントは？,オーナー・管理業者・入居者の関係図を描いてください。貸主＝オーナー。管理業者＝受託。入居者＝借主。書面別。「オーナー＝貸主」。誤りやすいのは「管理業者＝貸主」と捉えることです。管理受託の管理業者を賃貸借の貸主とする誤り。,公式の確認先はどこですか？,管理受託と賃貸借の用語ページを参照してください。貸主＝オーナー。管理業者＝受託。入居者＝借主。書面別。「オーナー＝貸主」。誤りやすいのは「管理業者＝貸主」と捉えることです。管理受託の管理業者を賃貸借の貸主とする誤り。
goui-houtei-kon,合意更新と法定更新の混同,借地借家法,合意更新;法定更新,合意更新と法定更新の要件・効果を取り違える誤り。,更新料の要否を混同。,"[{""topic"": ""合意"", ""wrong"": ""法定も更新料"", ""correct"": ""合意更新に更新料"", ""trap"": ""更新料誤""}, {""topic"": ""法定"", ""wrong"": ""正当事由必要"", ""correct"": ""黙示継続の制度"", ""trap"": ""法定誤""}, {""topic"": ""拒絶"", ""wrong"": ""法定で自由"", ""correct"": ""合意更新拒絶は正当事由"", ""trap"": ""拒絶誤""}, {""topic"": ""期間"", ""wrong"": ""同一"", ""correct"": ""起算が異なる"", ""trap"": ""期間誤""}]",合意更新と法定更新の混同｜賃貸不動産経営管理士,合意更新は更新契約・更新料、法定更新は一定要件での継続です。更新拒絶・立退料との関係もセットで学習してください。数値・日程・合格基準は一般社団法人賃貸不動産経営管理士協議会（www.chintaikanrishi.jp）の試験要項で必ずご確認ください。,合意＝更新契約;法定＝継続;拒絶は正当事由;更新料は合意側,法定も更新料と誤解しやすい;合意不要と誤解しやすい,「合意＝更新」「法定＝継続」。,合意更新;法定更新;更新料,合意更新とは？,当事者が更新を合意し、更新料等を支払って新期間を開始する制度です。合意＝更新契約。法定＝継続。拒絶は正当事由。更新料は合意側。誤りやすいのは「法定も更新料」と捉えることです。合意更新と法定更新の要件・効果を取り違える誤り。,法定更新とは？,更新の合意がなくても一定要件で継続する制度です。条文で確認してください。合意＝更新契約。法定＝継続。拒絶は正当事由。更新料は合意側。誤りやすいのは「法定も更新料」と捉えることです。合意更新と法定更新の要件・効果を取り違える誤り。,試験対策のポイントは？,更新関連のフローチャートを作成してください。合意＝更新契約。法定＝継続。拒絶は正当事由。更新料は合意側。誤りやすいのは「法定も更新料」と捉えることです。合意更新と法定更新の要件・効果を取り違える誤り。,公式の確認先はどこですか？,借地借家法を参照してください。数値・日程・合格基準は一般社団法人賃貸不動産経営管理士協議会（www.chintaikanrishi.jp）の試験要項で必ずご確認ください。合意＝更新契約。法定＝継続。拒絶は正当事由。
master-uketsuke-kon,マスターリースを管理受託とする誤り,賃貸経営・PM/AM,マスターリース;管理受託,一括借上げを管理受託と同一視する誤り。,借上げと委託の混同。,"[{""topic"": ""契約"", ""wrong"": ""受託"", ""correct"": ""賃貸借（借上）"", ""trap"": ""類型誤""}, {""topic"": ""リスク"", ""wrong"": ""報酬のみ"", ""correct"": ""空室リスク配分"", ""trap"": ""リスク誤""}, {""topic"": ""転貸"", ""wrong"": ""不要"", ""correct"": ""サブリースで転貸"", ""trap"": ""転貸誤""}, {""topic"": ""規制"", ""wrong"": ""賃管法のみ"", ""correct"": ""サブリース規制も"", ""trap"": ""規制誤""}]",マスターリース＝受託の誤解｜賃貸不動産経営管理士,マスターリースは賃貸借による一括借上げ、管理受託は委託です。サブリース試験ではスキームの区別が必須です。数値・日程・合格基準は一般社団法人賃貸不動産経営管理士協議会（www.chintaikanrishi.jp）の試験要項で必ずご確認ください。,マスター＝借上;受託＝委託;転貸は別;規制別,同一と誤解しやすい;受託で転貸と誤解しやすい;リスクなしと誤解しやすい,「借上≠委託」。（暗記用）,マスターリース契約;管理受託契約;サブリーススキーム,マスターリースとは？,原賃貸借に相当する一括借上げ契約です。マスター＝借上。受託＝委託。転貸は別。規制別。「借上≠委託」。誤りやすいのは「同一」と捉えることです。一括借上げを管理受託と同一視する誤り。本ページの表・関連用語とあわせ、過去問の正誤肢と照合しながら復習してください。,管理受託との違いは？,管理受託は管理業務の委託、マスターリースは使用収益の移転（賃貸借）です。マスター＝借上。受託＝委託。転貸は別。規制別。「借上≠委託」。誤りやすいのは「同一」と捉えることです。一括借上げを管理受託と同一視する誤り。,試験対策のポイントは？,三スキーム比較表を作成してください。マスター＝借上。受託＝委託。転貸は別。規制別。「借上≠委託」。誤りやすいのは「同一」と捉えることです。一括借上げを管理受託と同一視する誤り。本ページの表・関連用語とあわせ、過去問の正誤肢と照合しながら復習してください。,公式の確認先はどこですか？,用語集のマスターリース・サブリース・管理受託を参照してください。マスター＝借上。受託＝委託。転貸は別。規制別。「借上≠委託」。誤りやすいのは「同一」と捉えることです。一括借上げを管理受託と同一視する誤り。
shiken-moshikomi-kigen-kon,試験日程の固定観念,賃貸住宅管理業法,試験日程,申込・試験日を前年と同一とみなす誤り。,年度ごとの変更を見落とす。,"[{""topic"": ""申込"", ""wrong"": ""固定"", ""correct"": ""要項で毎年確認"", ""trap"": ""申込誤""}, {""topic"": ""試験日"", ""wrong"": ""固定"", ""correct"": ""要項確認"", ""trap"": ""試験誤""}, {""topic"": ""受験料"", ""wrong"": ""変更なし"", ""correct"": ""要項確認"", ""trap"": ""料金誤""}, {""topic"": ""合格点"", ""wrong"": ""固定38点"", ""correct"": ""相対評価"", ""trap"": ""合格誤""}]",試験日程固定の誤解｜賃貸不動産経営管理士,試験日程・受験料・合格基準点は年度で変わります。前年の数字をそのまま適用しないでください。数値・日程・合格基準は一般社団法人賃貸不動産経営管理士協議会（www.chintaikanrishi.jp）の試験要項で必ずご確認ください。,要項毎年確認;相対評価;申込期間変動;統計参照,日程固定;38点固定;受験料固定,「当年要項を必ず確認」。,賃貸不動産経営管理士協議会;賃貸不動産経営管理士,試験日程は毎年同じですか？,例年似た時期でも、正式な日程は当年の試験要項で確認する必要があります。要項毎年確認。相対評価。申込期間変動。統計参照。「当年要項を必ず確認」。誤りやすいのは「日程固定」と捉えることです。申込・試験日を前年と同一とみなす誤り。,合格点について教えてください,相対評価で試験ごとに発表されます。前年の数字は参考程度です。要項毎年確認。申込期間変動。統計参照。「当年要項を必ず確認」。誤りやすいのは「日程固定」と捉えることです。申込・試験日を前年と同一とみなす誤り。,試験対策のポイントは？,試験カレンダーと統計表を年度別に整理してください。要項毎年確認。相対評価。申込期間変動。統計参照。「当年要項を必ず確認」。誤りやすいのは「日程固定」と捉えることです。申込・試験日を前年と同一とみなす誤り。,公式の確認先はどこですか？,協議会の試験要項を参照してください。数値・日程・合格基準は一般社団法人賃貸不動産経営管理士協議会（www.chintaikanrishi.jp）の試験要項で必ずご確認ください。要項毎年確認。相対評価。
